Start Date,End Date,Grand Prix,Circuit,Winner ID,Winner,Flag,Country,Event Link,Completed
2000-03-12T05:00Z,2000-03-12T05:00Z,Australian GP,Melbourne Grand Prix Circuit,300,Michael Schumacher,https://a.espncdn.com/i/teamlogos/countries/500/sui.png,Switzerland,/f1/race/_/id/3716,True
2000-03-26T05:00Z,2000-03-26T05:00Z,Brazilian GP,Autodromo Jose Carlos Pace,300,Michael Schumacher,https://a.espncdn.com/i/teamlogos/countries/500/sui.png,Switzerland,/f1/race/_/id/3717,True
2000-04-09T04:00Z,2000-04-09T04:00Z,San Marino GP,Autodromo Enzo E Dino Ferrari,300,Michael Schumacher,https://a.espncdn.com/i/teamlogos/countries/500/sui.png,Switzerland,/f1/race/_/id/3718,True
2000-04-23T04:00Z,2000-04-23T04:00Z,British GP,Silverstone Circuit,304,David Coulthard,https://a.espncdn.com/i/teamlogos/countries/500/gbr.png,Britain,/f1/race/_/id/3719,True
2000-05-07T04:00Z,2000-05-07T04:00Z,Spanish GP,Madring,290,Mika Hakkinen,https://a.espncdn.com/i/teamlogos/countries/500/fin.png,Finland,/f1/race/_/id/3720,True
2000-05-21T04:00Z,2000-05-21T04:00Z,European GP,,300,Michael Schumacher,https://a.espncdn.com/i/teamlogos/countries/500/sui.png,Switzerland,/f1/race/_/id/3721,True
2000-06-04T04:00Z,2000-06-04T04:00Z,Monaco GP,Circuit de Monaco,304,David Coulthard,https://a.espncdn.com/i/teamlogos/countries/500/gbr.png,Britain,/f1/race/_/id/3722,True
2000-06-18T04:00Z,2000-06-18T04:00Z,Canadian GP,Circuit Gilles-Villeneuve,300,Michael Schumacher,https://a.espncdn.com/i/teamlogos/countries/500/sui.png,Switzerland,/f1/race/_/id/3723,True
2000-07-02T04:00Z,2000-07-02T04:00Z,French GP,Circuit Paul Ricard,304,David Coulthard,https://a.espncdn.com/i/teamlogos/countries/500/gbr.png,Britain,/f1/race/_/id/3724,True
2000-07-16T04:00Z,2000-07-16T04:00Z,Austrian GP,Red Bull Ring,290,Mika Hakkinen,https://a.espncdn.com/i/teamlogos/countries/500/fin.png,Finland,/f1/race/_/id/3725,True
2000-07-30T04:00Z,2000-07-30T04:00Z,German GP,Hockenheimring,301,Rubens Barrichello,https://a.espncdn.com/i/teamlogos/countries/500/bra.png,Brazil,/f1/race/_/id/3726,True
2000-08-13T04:00Z,2000-08-13T04:00Z,Hungarian GP,Hungaroring,290,Mika Hakkinen,https://a.espncdn.com/i/teamlogos/countries/500/fin.png,Finland,/f1/race/_/id/3727,True
2000-08-27T04:00Z,2000-08-27T04:00Z,Belgian GP,Circuit de Spa-Francorchamps,290,Mika Hakkinen,https://a.espncdn.com/i/teamlogos/countries/500/fin.png,Finland,/f1/race/_/id/3728,True
2000-09-10T04:00Z,2000-09-10T04:00Z,Italian GP,Autodromo Nazionale Monza,300,Michael Schumacher,https://a.espncdn.com/i/teamlogos/countries/500/sui.png,Switzerland,/f1/race/_/id/3729,True
2000-09-24T04:00Z,2000-09-24T04:00Z,United States GP,Circuit of the Americas,300,Michael Schumacher,https://a.espncdn.com/i/teamlogos/countries/500/sui.png,Switzerland,/f1/race/_/id/3730,True
2000-10-08T04:00Z,2000-10-08T04:00Z,Japanese GP,Suzuka International Racing Course,300,Michael Schumacher,https://a.espncdn.com/i/teamlogos/countries/500/sui.png,Switzerland,/f1/race/_/id/3731,True
2000-10-22T04:00Z,2000-10-22T04:00Z,Malaysian GP,Sepang International Circuit,300,Michael Schumacher,https://a.espncdn.com/i/teamlogos/countries/500/sui.png,Switzerland,/f1/race/_/id/3732,True
2001-03-04T05:00Z,2001-03-04T05:00Z,Australian GP,Melbourne Grand Prix Circuit,300,Michael Schumacher,https://a.espncdn.com/i/teamlogos/countries/500/sui.png,Switzerland,/f1/race/_/id/3733,True
2001-03-18T05:00Z,2001-03-18T05:00Z,Malaysian GP,Sepang International Circuit,300,Michael Schumacher,https://a.espncdn.com/i/teamlogos/countries/500/sui.png,Switzerland,/f1/race/_/id/3734,True
2001-04-01T05:00Z,2001-04-01T05:00Z,Brazilian GP,Autodromo Jose Carlos Pace,304,David Coulthard,https://a.espncdn.com/i/teamlogos/countries/500/gbr.png,Britain,/f1/race/_/id/3735,True
2001-04-15T04:00Z,2001-04-15T04:00Z,San Marino GP,Autodromo Enzo E Dino Ferrari,311,Ralf Schumacher,https://a.espncdn.com/i/teamlogos/countries/500/ger.png,Germany,/f1/race/_/id/3736,True
2001-04-29T04:00Z,2001-04-29T04:00Z,Spanish GP,Madring,300,Michael Schumacher,https://a.espncdn.com/i/teamlogos/countries/500/sui.png,Switzerland,/f1/race/_/id/3737,True
2001-05-13T04:00Z,2001-05-13T04:00Z,Austrian GP,Red Bull Ring,304,David Coulthard,https://a.espncdn.com/i/teamlogos/countries/500/gbr.png,Britain,/f1/race/_/id/3738,True
2001-05-27T04:00Z,2001-05-27T04:00Z,Monaco GP,Circuit de Monaco,300,Michael Schumacher,https://a.espncdn.com/i/teamlogos/countries/500/sui.png,Switzerland,/f1/race/_/id/3739,True
2001-06-10T04:00Z,2001-06-10T04:00Z,Canadian GP,Circuit Gilles-Villeneuve,311,Ralf Schumacher,https://a.espncdn.com/i/teamlogos/countries/500/ger.png,Germany,/f1/race/_/id/3740,True
2001-06-24T04:00Z,2001-06-24T04:00Z,European GP,,300,Michael Schumacher,https://a.espncdn.com/i/teamlogos/countries/500/sui.png,Switzerland,/f1/race/_/id/3741,True
2001-07-01T04:00Z,2001-07-01T04:00Z,French GP,Circuit Paul Ricard,300,Michael Schumacher,https://a.espncdn.com/i/teamlogos/countries/500/sui.png,Switzerland,/f1/race/_/id/3742,True
2001-07-15T04:00Z,2001-07-15T04:00Z,British GP,Silverstone Circuit,290,Mika Hakkinen,https://a.espncdn.com/i/teamlogos/countries/500/fin.png,Finland,/f1/race/_/id/3743,True
2001-07-29T04:00Z,2001-07-29T04:00Z,German GP,Hockenheimring,311,Ralf Schumacher,https://a.espncdn.com/i/teamlogos/countries/500/ger.png,Germany,/f1/race/_/id/3744,True
2001-08-19T04:00Z,2001-08-19T04:00Z,Hungarian GP,Hungaroring,300,Michael Schumacher,https://a.espncdn.com/i/teamlogos/countries/500/sui.png,Switzerland,/f1/race/_/id/3745,True
2001-09-02T04:00Z,2001-09-02T04:00Z,Belgian GP,Circuit de Spa-Francorchamps,300,Michael Schumacher,https://a.espncdn.com/i/teamlogos/countries/500/sui.png,Switzerland,/f1/race/_/id/3746,True
2001-09-16T04:00Z,2001-09-16T04:00Z,Italian GP,Autodromo Nazionale Monza,336,Juan Pablo Montoya,https://a.espncdn.com/i/teamlogos/countries/500/col.png,Colombia,/f1/race/_/id/3747,True
2001-09-30T04:00Z,2001-09-30T04:00Z,United States GP,Circuit of the Americas,290,Mika Hakkinen,https://a.espncdn.com/i/teamlogos/countries/500/fin.png,Finland,/f1/race/_/id/3748,True
2001-10-14T04:00Z,2001-10-14T04:00Z,Japanese GP,Suzuka International Racing Course,300,Michael Schumacher,https://a.espncdn.com/i/teamlogos/countries/500/sui.png,Switzerland,/f1/race/_/id/3749,True
2002-03-03T05:00Z,2002-03-03T05:00Z,Australian GP,Melbourne Grand Prix Circuit,300,Michael Schumacher,https://a.espncdn.com/i/teamlogos/countries/500/sui.png,Switzerland,/f1/race/_/id/3750,True
2002-03-17T05:00Z,2002-03-17T05:00Z,Malaysian GP,Sepang International Circuit,311,Ralf Schumacher,https://a.espncdn.com/i/teamlogos/countries/500/ger.png,Germany,/f1/race/_/id/3751,True
2002-03-31T05:00Z,2002-03-31T05:00Z,Brazilian GP,Autodromo Jose Carlos Pace,300,Michael Schumacher,https://a.espncdn.com/i/teamlogos/countries/500/sui.png,Switzerland,/f1/race/_/id/3752,True
2002-04-14T04:00Z,2002-04-14T04:00Z,San Marino GP,Autodromo Enzo E Dino Ferrari,300,Michael Schumacher,https://a.espncdn.com/i/teamlogos/countries/500/sui.png,Switzerland,/f1/race/_/id/3753,True
2002-04-28T04:00Z,2002-04-28T04:00Z,Spanish GP,Madring,300,Michael Schumacher,https://a.espncdn.com/i/teamlogos/countries/500/sui.png,Switzerland,/f1/race/_/id/3754,True
2002-05-12T04:00Z,2002-05-12T04:00Z,Austrian GP,Red Bull Ring,300,Michael Schumacher,https://a.espncdn.com/i/teamlogos/countries/500/sui.png,Switzerland,/f1/race/_/id/3755,True
2002-05-26T04:00Z,2002-05-26T04:00Z,Monaco GP,Circuit de Monaco,304,David Coulthard,https://a.espncdn.com/i/teamlogos/countries/500/gbr.png,Britain,/f1/race/_/id/3756,True
2002-06-09T04:00Z,2002-06-09T04:00Z,Canadian GP,Circuit Gilles-Villeneuve,300,Michael Schumacher,https://a.espncdn.com/i/teamlogos/countries/500/sui.png,Switzerland,/f1/race/_/id/3757,True
2002-06-23T04:00Z,2002-06-23T04:00Z,European GP,,301,Rubens Barrichello,https://a.espncdn.com/i/teamlogos/countries/500/bra.png,Brazil,/f1/race/_/id/3758,True
2002-07-07T04:00Z,2002-07-07T04:00Z,British GP,Silverstone Circuit,300,Michael Schumacher,https://a.espncdn.com/i/teamlogos/countries/500/sui.png,Switzerland,/f1/race/_/id/3759,True
2002-07-21T04:00Z,2002-07-21T04:00Z,French GP,Circuit Paul Ricard,300,Michael Schumacher,https://a.espncdn.com/i/teamlogos/countries/500/sui.png,Switzerland,/f1/race/_/id/3760,True
2002-07-28T04:00Z,2002-07-28T04:00Z,German GP,Hockenheimring,300,Michael Schumacher,https://a.espncdn.com/i/teamlogos/countries/500/sui.png,Switzerland,/f1/race/_/id/3761,True
2002-08-18T04:00Z,2002-08-18T04:00Z,Hungarian GP,Hungaroring,301,Rubens Barrichello,https://a.espncdn.com/i/teamlogos/countries/500/bra.png,Brazil,/f1/race/_/id/3762,True
2002-09-01T04:00Z,2002-09-01T04:00Z,Belgian GP,Circuit de Spa-Francorchamps,300,Michael Schumacher,https://a.espncdn.com/i/teamlogos/countries/500/sui.png,Switzerland,/f1/race/_/id/3763,True
2002-09-15T04:00Z,2002-09-15T04:00Z,Italian GP,Autodromo Nazionale Monza,301,Rubens Barrichello,https://a.espncdn.com/i/teamlogos/countries/500/bra.png,Brazil,/f1/race/_/id/3764,True
2002-09-29T04:00Z,2002-09-29T04:00Z,United States GP,Circuit of the Americas,301,Rubens Barrichello,https://a.espncdn.com/i/teamlogos/countries/500/bra.png,Brazil,/f1/race/_/id/3765,True
2002-10-13T04:00Z,2002-10-13T04:00Z,Japanese GP,Suzuka International Racing Course,300,Michael Schumacher,https://a.espncdn.com/i/teamlogos/countries/500/sui.png,Switzerland,/f1/race/_/id/3766,True
2003-03-09T05:00Z,2003-03-09T05:00Z,Australian GP,Melbourne Grand Prix Circuit,304,David Coulthard,https://a.espncdn.com/i/teamlogos/countries/500/gbr.png,Britain,/f1/race/_/id/3767,True
2003-03-23T05:00Z,2003-03-23T05:00Z,Malaysian GP,Sepang International Circuit,337,Kimi Raikkonen,https://a.espncdn.com/i/teamlogos/countries/500/fin.png,Finland,/f1/race/_/id/3768,True
2003-04-06T05:00Z,2003-04-06T05:00Z,Brazilian GP,Autodromo Jose Carlos Pace,298,Giancarlo Fisichella,https://a.espncdn.com/i/teamlogos/countries/500/ita.png,Italy,/f1/race/_/id/3769,True
2003-04-20T04:00Z,2003-04-20T04:00Z,San Marino GP,Autodromo Enzo E Dino Ferrari,300,Michael Schumacher,https://a.espncdn.com/i/teamlogos/countries/500/sui.png,Switzerland,/f1/race/_/id/3770,True
2003-05-04T04:00Z,2003-05-04T04:00Z,Spanish GP,Madring,300,Michael Schumacher,https://a.espncdn.com/i/teamlogos/countries/500/sui.png,Switzerland,/f1/race/_/id/3771,True
2003-05-18T04:00Z,2003-05-18T04:00Z,Austrian GP,Red Bull Ring,300,Michael Schumacher,https://a.espncdn.com/i/teamlogos/countries/500/sui.png,Switzerland,/f1/race/_/id/3772,True
2003-06-01T04:00Z,2003-06-01T04:00Z,Monaco GP,Circuit de Monaco,336,Juan Pablo Montoya,https://a.espncdn.com/i/teamlogos/countries/500/col.png,Colombia,/f1/race/_/id/3773,True
2003-06-15T04:00Z,2003-06-15T04:00Z,Canadian GP,Circuit Gilles-Villeneuve,300,Michael Schumacher,https://a.espncdn.com/i/teamlogos/countries/500/sui.png,Switzerland,/f1/race/_/id/3774,True
2003-06-29T04:00Z,2003-06-29T04:00Z,European GP,,311,Ralf Schumacher,https://a.espncdn.com/i/teamlogos/countries/500/ger.png,Germany,/f1/race/_/id/3775,True
2003-07-06T04:00Z,2003-07-06T04:00Z,French GP,Circuit Paul Ricard,311,Ralf Schumacher,https://a.espncdn.com/i/teamlogos/countries/500/ger.png,Germany,/f1/race/_/id/3776,True
2003-07-20T04:00Z,2003-07-20T04:00Z,British GP,Silverstone Circuit,301,Rubens Barrichello,https://a.espncdn.com/i/teamlogos/countries/500/bra.png,Brazil,/f1/race/_/id/3777,True
2003-08-03T04:00Z,2003-08-03T04:00Z,German GP,Hockenheimring,336,Juan Pablo Montoya,https://a.espncdn.com/i/teamlogos/countries/500/col.png,Colombia,/f1/race/_/id/3778,True
2003-08-24T04:00Z,2003-08-24T04:00Z,Hungarian GP,Hungaroring,348,Fernando Alonso,https://a.espncdn.com/i/teamlogos/countries/500/esp.png,Spain,/f1/race/_/id/3779,True
2003-09-14T04:00Z,2003-09-14T04:00Z,Italian GP,Autodromo Nazionale Monza,300,Michael Schumacher,https://a.espncdn.com/i/teamlogos/countries/500/sui.png,Switzerland,/f1/race/_/id/3780,True
2003-09-28T04:00Z,2003-09-28T04:00Z,United States GP,Circuit of the Americas,300,Michael Schumacher,https://a.espncdn.com/i/teamlogos/countries/500/sui.png,Switzerland,/f1/race/_/id/3781,True
2003-10-12T04:00Z,2003-10-12T04:00Z,Japanese GP,Suzuka International Racing Course,301,Rubens Barrichello,https://a.espncdn.com/i/teamlogos/countries/500/bra.png,Brazil,/f1/race/_/id/3782,True
2004-03-07T05:00Z,2004-03-07T05:00Z,Australian GP,Melbourne Grand Prix Circuit,300,Michael Schumacher,https://a.espncdn.com/i/teamlogos/countries/500/sui.png,Switzerland,/f1/race/_/id/3783,True
2004-03-21T05:00Z,2004-03-21T05:00Z,Malaysian GP,Sepang International Circuit,300,Michael Schumacher,https://a.espncdn.com/i/teamlogos/countries/500/sui.png,Switzerland,/f1/race/_/id/3784,True
2004-04-04T05:00Z,2004-04-04T05:00Z,Bahrain GP,Bahrain International Circuit,300,Michael Schumacher,https://a.espncdn.com/i/teamlogos/countries/500/sui.png,Switzerland,/f1/race/_/id/3785,True
2004-04-25T04:00Z,2004-04-25T04:00Z,San Marino GP,Autodromo Enzo E Dino Ferrari,300,Michael Schumacher,https://a.espncdn.com/i/teamlogos/countries/500/sui.png,Switzerland,/f1/race/_/id/3786,True
2004-05-09T04:00Z,2004-05-09T04:00Z,Spanish GP,Madring,300,Michael Schumacher,https://a.espncdn.com/i/teamlogos/countries/500/sui.png,Switzerland,/f1/race/_/id/3787,True
2004-05-23T04:00Z,2004-05-23T04:00Z,Monaco GP,Circuit de Monaco,303,Jarno Trulli,https://a.espncdn.com/i/teamlogos/countries/500/ita.png,Italy,/f1/race/_/id/3788,True
2004-05-30T04:00Z,2004-05-30T04:00Z,European GP,,300,Michael Schumacher,https://a.espncdn.com/i/teamlogos/countries/500/sui.png,Switzerland,/f1/race/_/id/3789,True
2004-06-13T04:00Z,2004-06-13T04:00Z,Canadian GP,Circuit Gilles-Villeneuve,300,Michael Schumacher,https://a.espncdn.com/i/teamlogos/countries/500/sui.png,Switzerland,/f1/race/_/id/3790,True
2004-06-20T04:00Z,2004-06-20T04:00Z,United States GP,Circuit of the Americas,300,Michael Schumacher,https://a.espncdn.com/i/teamlogos/countries/500/sui.png,Switzerland,/f1/race/_/id/3791,True
2004-07-04T04:00Z,2004-07-04T04:00Z,French GP,Circuit Paul Ricard,300,Michael Schumacher,https://a.espncdn.com/i/teamlogos/countries/500/sui.png,Switzerland,/f1/race/_/id/3792,True
2004-07-11T04:00Z,2004-07-11T04:00Z,British GP,Silverstone Circuit,300,Michael Schumacher,https://a.espncdn.com/i/teamlogos/countries/500/sui.png,Switzerland,/f1/race/_/id/3793,True
2004-07-25T04:00Z,2004-07-25T04:00Z,German GP,Hockenheimring,300,Michael Schumacher,https://a.espncdn.com/i/teamlogos/countries/500/sui.png,Switzerland,/f1/race/_/id/3794,True
2004-08-15T04:00Z,2004-08-15T04:00Z,Hungarian GP,Hungaroring,300,Michael Schumacher,https://a.espncdn.com/i/teamlogos/countries/500/sui.png,Switzerland,/f1/race/_/id/3795,True
2004-08-29T04:00Z,2004-08-29T04:00Z,Belgian GP,Circuit de Spa-Francorchamps,337,Kimi Raikkonen,https://a.espncdn.com/i/teamlogos/countries/500/fin.png,Finland,/f1/race/_/id/3796,True
2004-09-12T04:00Z,2004-09-12T04:00Z,Italian GP,Autodromo Nazionale Monza,301,Rubens Barrichello,https://a.espncdn.com/i/teamlogos/countries/500/bra.png,Brazil,/f1/race/_/id/3797,True
2004-09-26T04:00Z,2004-09-26T04:00Z,Chinese GP,Shanghai International Circuit,301,Rubens Barrichello,https://a.espncdn.com/i/teamlogos/countries/500/bra.png,Brazil,/f1/race/_/id/3798,True
2004-10-10T04:00Z,2004-10-10T04:00Z,Japanese GP,Suzuka International Racing Course,300,Michael Schumacher,https://a.espncdn.com/i/teamlogos/countries/500/sui.png,Switzerland,/f1/race/_/id/3799,True
2004-10-24T04:00Z,2004-10-24T04:00Z,Brazilian GP,Autodromo Jose Carlos Pace,336,Juan Pablo Montoya,https://a.espncdn.com/i/teamlogos/countries/500/col.png,Colombia,/f1/race/_/id/3800,True
2005-03-06T05:00Z,2005-03-06T05:00Z,Australian GP,Melbourne Grand Prix Circuit,298,Giancarlo Fisichella,https://a.espncdn.com/i/teamlogos/countries/500/ita.png,Italy,/f1/race/_/id/3801,True
2005-03-20T05:00Z,2005-03-20T05:00Z,Malaysian GP,Sepang International Circuit,348,Fernando Alonso,https://a.espncdn.com/i/teamlogos/countries/500/esp.png,Spain,/f1/race/_/id/3802,True
2005-04-03T05:00Z,2005-04-03T05:00Z,Bahrain GP,Bahrain International Circuit,348,Fernando Alonso,https://a.espncdn.com/i/teamlogos/countries/500/esp.png,Spain,/f1/race/_/id/3803,True
2005-04-24T04:00Z,2005-04-24T04:00Z,San Marino GP,Autodromo Enzo E Dino Ferrari,348,Fernando Alonso,https://a.espncdn.com/i/teamlogos/countries/500/esp.png,Spain,/f1/race/_/id/3804,True
2005-05-08T04:00Z,2005-05-08T04:00Z,Spanish GP,Madring,337,Kimi Raikkonen,https://a.espncdn.com/i/teamlogos/countries/500/fin.png,Finland,/f1/race/_/id/3805,True
2005-05-22T04:00Z,2005-05-22T04:00Z,Monaco GP,Circuit de Monaco,337,Kimi Raikkonen,https://a.espncdn.com/i/teamlogos/countries/500/fin.png,Finland,/f1/race/_/id/3806,True
2005-05-29T04:00Z,2005-05-29T04:00Z,European GP,,348,Fernando Alonso,https://a.espncdn.com/i/teamlogos/countries/500/esp.png,Spain,/f1/race/_/id/3807,True
2005-06-12T04:00Z,2005-06-12T04:00Z,Canadian GP,Circuit Gilles-Villeneuve,337,Kimi Raikkonen,https://a.espncdn.com/i/teamlogos/countries/500/fin.png,Finland,/f1/race/_/id/3808,True
2005-06-19T04:00Z,2005-06-19T04:00Z,United States GP,Circuit of the Americas,300,Michael Schumacher,https://a.espncdn.com/i/teamlogos/countries/500/sui.png,Switzerland,/f1/race/_/id/3809,True
2005-07-03T04:00Z,2005-07-03T04:00Z,French GP,Circuit Paul Ricard,348,Fernando Alonso,https://a.espncdn.com/i/teamlogos/countries/500/esp.png,Spain,/f1/race/_/id/3810,True
2005-07-10T04:00Z,2005-07-10T04:00Z,British GP,Silverstone Circuit,336,Juan Pablo Montoya,https://a.espncdn.com/i/teamlogos/countries/500/col.png,Colombia,/f1/race/_/id/3811,True
2005-07-24T04:00Z,2005-07-24T04:00Z,German GP,Hockenheimring,348,Fernando Alonso,https://a.espncdn.com/i/teamlogos/countries/500/esp.png,Spain,/f1/race/_/id/3812,True
2005-07-31T04:00Z,2005-07-31T04:00Z,Hungarian GP,Hungaroring,337,Kimi Raikkonen,https://a.espncdn.com/i/teamlogos/countries/500/fin.png,Finland,/f1/race/_/id/3813,True
2005-08-21T04:00Z,2005-08-21T04:00Z,Turkish GP,Istanbul Racing Circuit,337,Kimi Raikkonen,https://a.espncdn.com/i/teamlogos/countries/500/fin.png,Finland,/f1/race/_/id/3814,True
2005-09-04T04:00Z,2005-09-04T04:00Z,Italian GP,Autodromo Nazionale Monza,336,Juan Pablo Montoya,https://a.espncdn.com/i/teamlogos/countries/500/col.png,Colombia,/f1/race/_/id/3815,True
2005-09-11T04:00Z,2005-09-11T04:00Z,Belgian GP,Circuit de Spa-Francorchamps,337,Kimi Raikkonen,https://a.espncdn.com/i/teamlogos/countries/500/fin.png,Finland,/f1/race/_/id/3816,True
2005-09-25T04:00Z,2005-09-25T04:00Z,Brazilian GP,Autodromo Jose Carlos Pace,336,Juan Pablo Montoya,https://a.espncdn.com/i/teamlogos/countries/500/col.png,Colombia,/f1/race/_/id/3817,True
2005-10-09T04:00Z,2005-10-09T04:00Z,Japanese GP,Suzuka International Racing Course,337,Kimi Raikkonen,https://a.espncdn.com/i/teamlogos/countries/500/fin.png,Finland,/f1/race/_/id/3818,True
2005-10-16T04:00Z,2005-10-16T04:00Z,Chinese GP,Shanghai International Circuit,348,Fernando Alonso,https://a.espncdn.com/i/teamlogos/countries/500/esp.png,Spain,/f1/race/_/id/3819,True
2006-03-12T05:00Z,2006-03-12T05:00Z,Bahrain GP,Bahrain International Circuit,348,Fernando Alonso,https://a.espncdn.com/i/teamlogos/countries/500/esp.png,Spain,/f1/race/_/id/3820,True
2006-03-19T05:00Z,2006-03-19T05:00Z,Malaysian GP,Sepang International Circuit,298,Giancarlo Fisichella,https://a.espncdn.com/i/teamlogos/countries/500/ita.png,Italy,/f1/race/_/id/3821,True
2006-04-02T05:00Z,2006-04-02T05:00Z,Australian GP,Melbourne Grand Prix Circuit,348,Fernando Alonso,https://a.espncdn.com/i/teamlogos/countries/500/esp.png,Spain,/f1/race/_/id/3822,True
2006-04-23T04:00Z,2006-04-23T04:00Z,San Marino GP,Autodromo Enzo E Dino Ferrari,300,Michael Schumacher,https://a.espncdn.com/i/teamlogos/countries/500/sui.png,Switzerland,/f1/race/_/id/3823,True
2006-05-07T04:00Z,2006-05-07T04:00Z,European GP,,300,Michael Schumacher,https://a.espncdn.com/i/teamlogos/countries/500/sui.png,Switzerland,/f1/race/_/id/3824,True
2006-05-14T04:00Z,2006-05-14T04:00Z,Spanish GP,Madring,348,Fernando Alonso,https://a.espncdn.com/i/teamlogos/countries/500/esp.png,Spain,/f1/race/_/id/3825,True
2006-05-28T04:00Z,2006-05-28T04:00Z,Monaco GP,Circuit de Monaco,348,Fernando Alonso,https://a.espncdn.com/i/teamlogos/countries/500/esp.png,Spain,/f1/race/_/id/3826,True
2006-06-11T04:00Z,2006-06-11T04:00Z,British GP,Silverstone Circuit,348,Fernando Alonso,https://a.espncdn.com/i/teamlogos/countries/500/esp.png,Spain,/f1/race/_/id/3827,True
2006-06-25T04:00Z,2006-06-25T04:00Z,Canadian GP,Circuit Gilles-Villeneuve,348,Fernando Alonso,https://a.espncdn.com/i/teamlogos/countries/500/esp.png,Spain,/f1/race/_/id/3828,True
2006-07-02T04:00Z,2006-07-02T04:00Z,United States GP,Circuit of the Americas,300,Michael Schumacher,https://a.espncdn.com/i/teamlogos/countries/500/sui.png,Switzerland,/f1/race/_/id/3829,True
2006-07-16T04:00Z,2006-07-16T04:00Z,French GP,Circuit Paul Ricard,300,Michael Schumacher,https://a.espncdn.com/i/teamlogos/countries/500/sui.png,Switzerland,/f1/race/_/id/3830,True
2006-07-30T04:00Z,2006-07-30T04:00Z,German GP,Hockenheimring,300,Michael Schumacher,https://a.espncdn.com/i/teamlogos/countries/500/sui.png,Switzerland,/f1/race/_/id/3831,True
2006-08-06T04:00Z,2006-08-06T04:00Z,Hungarian GP,Hungaroring,312,Jenson Button,https://a.espncdn.com/i/teamlogos/countries/500/gbr.png,Britain,/f1/race/_/id/3832,True
2006-08-27T04:00Z,2006-08-27T04:00Z,Turkish GP,Istanbul Racing Circuit,433,Felipe Massa,https://a.espncdn.com/i/teamlogos/countries/500/bra.png,Brazil,/f1/race/_/id/3833,True
2006-09-10T04:00Z,2006-09-10T04:00Z,Italian GP,Autodromo Nazionale Monza,300,Michael Schumacher,https://a.espncdn.com/i/teamlogos/countries/500/sui.png,Switzerland,/f1/race/_/id/3834,True
2006-10-01T04:00Z,2006-10-01T04:00Z,Chinese GP,Shanghai International Circuit,300,Michael Schumacher,https://a.espncdn.com/i/teamlogos/countries/500/sui.png,Switzerland,/f1/race/_/id/3835,True
2006-10-08T04:00Z,2006-10-08T04:00Z,Japanese GP,Suzuka International Racing Course,348,Fernando Alonso,https://a.espncdn.com/i/teamlogos/countries/500/esp.png,Spain,/f1/race/_/id/3836,True
2006-10-22T04:00Z,2006-10-22T04:00Z,Brazilian GP,Autodromo Jose Carlos Pace,433,Felipe Massa,https://a.espncdn.com/i/teamlogos/countries/500/bra.png,Brazil,/f1/race/_/id/3837,True
2007-03-18T04:00Z,2007-03-18T04:00Z,Australian GP,Melbourne Grand Prix Circuit,337,Kimi Raikkonen,https://a.espncdn.com/i/teamlogos/countries/500/fin.png,Finland,/f1/race/_/id/3838,True
2007-04-08T04:00Z,2007-04-08T04:00Z,Malaysian GP,Sepang International Circuit,348,Fernando Alonso,https://a.espncdn.com/i/teamlogos/countries/500/esp.png,Spain,/f1/race/_/id/3839,True
2007-04-15T04:00Z,2007-04-15T04:00Z,Bahrain GP,Bahrain International Circuit,433,Felipe Massa,https://a.espncdn.com/i/teamlogos/countries/500/bra.png,Brazil,/f1/race/_/id/3840,True
2007-05-13T04:00Z,2007-05-13T04:00Z,Spanish GP,Madring,433,Felipe Massa,https://a.espncdn.com/i/teamlogos/countries/500/bra.png,Brazil,/f1/race/_/id/3841,True
2007-05-27T04:00Z,2007-05-27T04:00Z,Monaco GP,Circuit de Monaco,348,Fernando Alonso,https://a.espncdn.com/i/teamlogos/countries/500/esp.png,Spain,/f1/race/_/id/3842,True
2007-06-10T04:00Z,2007-06-10T04:00Z,Canadian GP,Circuit Gilles-Villeneuve,868,Lewis Hamilton,https://a.espncdn.com/i/teamlogos/countries/500/gbr.png,Britain,/f1/race/_/id/3843,True
2007-06-17T04:00Z,2007-06-17T04:00Z,United States GP,Circuit of the Americas,868,Lewis Hamilton,https://a.espncdn.com/i/teamlogos/countries/500/gbr.png,Britain,/f1/race/_/id/3844,True
2007-07-01T04:00Z,2007-07-01T04:00Z,French GP,Circuit Paul Ricard,337,Kimi Raikkonen,https://a.espncdn.com/i/teamlogos/countries/500/fin.png,Finland,/f1/race/_/id/3845,True
2007-07-08T04:00Z,2007-07-08T04:00Z,British GP,Silverstone Circuit,337,Kimi Raikkonen,https://a.espncdn.com/i/teamlogos/countries/500/fin.png,Finland,/f1/race/_/id/3846,True
2007-07-22T04:00Z,2007-07-22T04:00Z,European GP,,348,Fernando Alonso,https://a.espncdn.com/i/teamlogos/countries/500/esp.png,Spain,/f1/race/_/id/3847,True
2007-08-05T04:00Z,2007-08-05T04:00Z,Hungarian GP,Hungaroring,868,Lewis Hamilton,https://a.espncdn.com/i/teamlogos/countries/500/gbr.png,Britain,/f1/race/_/id/3848,True
2007-08-26T04:00Z,2007-08-26T04:00Z,Turkish GP,Istanbul Racing Circuit,433,Felipe Massa,https://a.espncdn.com/i/teamlogos/countries/500/bra.png,Brazil,/f1/race/_/id/3849,True
2007-09-09T04:00Z,2007-09-09T04:00Z,Italian GP,Autodromo Nazionale Monza,348,Fernando Alonso,https://a.espncdn.com/i/teamlogos/countries/500/esp.png,Spain,/f1/race/_/id/3850,True
2007-09-16T04:00Z,2007-09-16T04:00Z,Belgian GP,Circuit de Spa-Francorchamps,337,Kimi Raikkonen,https://a.espncdn.com/i/teamlogos/countries/500/fin.png,Finland,/f1/race/_/id/3851,True
2007-09-30T04:00Z,2007-09-30T04:00Z,Japanese GP,Suzuka International Racing Course,868,Lewis Hamilton,https://a.espncdn.com/i/teamlogos/countries/500/gbr.png,Britain,/f1/race/_/id/3852,True
2007-10-07T04:00Z,2007-10-07T04:00Z,Chinese GP,Shanghai International Circuit,337,Kimi Raikkonen,https://a.espncdn.com/i/teamlogos/countries/500/fin.png,Finland,/f1/race/_/id/3853,True
2007-10-21T04:00Z,2007-10-21T04:00Z,Brazilian GP,Autodromo Jose Carlos Pace,337,Kimi Raikkonen,https://a.espncdn.com/i/teamlogos/countries/500/fin.png,Finland,/f1/race/_/id/3854,True
2008-03-16T04:00Z,2008-03-16T04:00Z,Australian GP,Melbourne Grand Prix Circuit,868,Lewis Hamilton,https://a.espncdn.com/i/teamlogos/countries/500/gbr.png,Britain,/f1/race/_/id/3855,True
2008-03-23T04:00Z,2008-03-23T04:00Z,Malaysian GP,Sepang International Circuit,337,Kimi Raikkonen,https://a.espncdn.com/i/teamlogos/countries/500/fin.png,Finland,/f1/race/_/id/3856,True
2008-04-06T04:00Z,2008-04-06T04:00Z,Bahrain GP,Bahrain International Circuit,433,Felipe Massa,https://a.espncdn.com/i/teamlogos/countries/500/bra.png,Brazil,/f1/race/_/id/3857,True
2008-04-27T04:00Z,2008-04-27T04:00Z,Spanish GP,Madring,337,Kimi Raikkonen,https://a.espncdn.com/i/teamlogos/countries/500/fin.png,Finland,/f1/race/_/id/3858,True
2008-05-11T04:00Z,2008-05-11T04:00Z,Turkish GP,Istanbul Racing Circuit,433,Felipe Massa,https://a.espncdn.com/i/teamlogos/countries/500/bra.png,Brazil,/f1/race/_/id/3859,True
2008-05-25T04:00Z,2008-05-25T04:00Z,Monaco GP,Circuit de Monaco,868,Lewis Hamilton,https://a.espncdn.com/i/teamlogos/countries/500/gbr.png,Britain,/f1/race/_/id/3860,True
2008-06-08T04:00Z,2008-06-08T04:00Z,Canadian GP,Circuit Gilles-Villeneuve,836,Robert Kubica,https://a.espncdn.com/i/teamlogos/countries/500/pol.png,Poland,/f1/race/_/id/3861,True
2008-06-22T04:00Z,2008-06-22T04:00Z,French GP,Circuit Paul Ricard,433,Felipe Massa,https://a.espncdn.com/i/teamlogos/countries/500/bra.png,Brazil,/f1/race/_/id/3862,True
2008-07-06T04:00Z,2008-07-06T04:00Z,British GP,Silverstone Circuit,868,Lewis Hamilton,https://a.espncdn.com/i/teamlogos/countries/500/gbr.png,Britain,/f1/race/_/id/3863,True
2008-07-20T04:00Z,2008-07-20T04:00Z,German GP,Hockenheimring,868,Lewis Hamilton,https://a.espncdn.com/i/teamlogos/countries/500/gbr.png,Britain,/f1/race/_/id/3864,True
2008-08-03T04:00Z,2008-08-03T04:00Z,Hungarian GP,Hungaroring,865,Heikki Kovalainen,https://a.espncdn.com/i/teamlogos/countries/500/fin.png,Finland,/f1/race/_/id/3865,True
2008-08-24T04:00Z,2008-08-24T04:00Z,European GP,,433,Felipe Massa,https://a.espncdn.com/i/teamlogos/countries/500/bra.png,Brazil,/f1/race/_/id/3866,True
2008-09-07T04:00Z,2008-09-07T04:00Z,Belgian GP,Circuit de Spa-Francorchamps,433,Felipe Massa,https://a.espncdn.com/i/teamlogos/countries/500/bra.png,Brazil,/f1/race/_/id/3867,True
2008-09-14T04:00Z,2008-09-14T04:00Z,Italian GP,Autodromo Nazionale Monza,864,Sebastian Vettel,https://a.espncdn.com/i/teamlogos/countries/500/ger.png,Germany,/f1/race/_/id/3868,True
2008-09-28T04:00Z,2008-09-28T04:00Z,Singapore GP,Marina Bay Street Circuit,348,Fernando Alonso,https://a.espncdn.com/i/teamlogos/countries/500/esp.png,Spain,/f1/race/_/id/3869,True
2008-10-12T04:00Z,2008-10-12T04:00Z,Japanese GP,Suzuka International Racing Course,348,Fernando Alonso,https://a.espncdn.com/i/teamlogos/countries/500/esp.png,Spain,/f1/race/_/id/3870,True
2008-10-19T04:00Z,2008-10-19T04:00Z,Chinese GP,Shanghai International Circuit,868,Lewis Hamilton,https://a.espncdn.com/i/teamlogos/countries/500/gbr.png,Britain,/f1/race/_/id/3871,True
2008-11-02T04:00Z,2008-11-02T04:00Z,Brazilian GP,Autodromo Jose Carlos Pace,433,Felipe Massa,https://a.espncdn.com/i/teamlogos/countries/500/bra.png,Brazil,/f1/race/_/id/3872,True
2009-03-29T01:00Z,2009-03-29T01:00Z,Australian GP,Melbourne Grand Prix Circuit,312,Jenson Button,https://a.espncdn.com/i/teamlogos/countries/500/gbr.png,Britain,/f1/race/_/id/3873,True
2009-04-05T01:00Z,2009-04-05T01:00Z,Malaysian GP,Sepang International Circuit,312,Jenson Button,https://a.espncdn.com/i/teamlogos/countries/500/gbr.png,Britain,/f1/race/_/id/3874,True
2009-04-19T01:00Z,2009-04-19T01:00Z,Chinese GP,Shanghai International Circuit,864,Sebastian Vettel,https://a.espncdn.com/i/teamlogos/countries/500/ger.png,Germany,/f1/race/_/id/3875,True
2009-04-26T01:00Z,2009-04-26T01:00Z,Bahrain GP,Bahrain International Circuit,312,Jenson Button,https://a.espncdn.com/i/teamlogos/countries/500/gbr.png,Britain,/f1/race/_/id/3876,True
2009-05-10T01:00Z,2009-05-10T01:00Z,Spanish GP,Madring,312,Jenson Button,https://a.espncdn.com/i/teamlogos/countries/500/gbr.png,Britain,/f1/race/_/id/3877,True
2009-05-24T01:00Z,2009-05-24T01:00Z,Monaco GP,Circuit de Monaco,312,Jenson Button,https://a.espncdn.com/i/teamlogos/countries/500/gbr.png,Britain,/f1/race/_/id/3878,True
2009-06-07T01:00Z,2009-06-07T01:00Z,Turkish GP,Istanbul Racing Circuit,312,Jenson Button,https://a.espncdn.com/i/teamlogos/countries/500/gbr.png,Britain,/f1/race/_/id/3879,True
2009-06-21T01:00Z,2009-06-21T01:00Z,British GP,Silverstone Circuit,864,Sebastian Vettel,https://a.espncdn.com/i/teamlogos/countries/500/ger.png,Germany,/f1/race/_/id/3880,True
2009-07-12T01:00Z,2009-07-12T01:00Z,German GP,Hockenheimring,434,Mark Webber,https://a.espncdn.com/i/teamlogos/countries/500/aus.png,Australia,/f1/race/_/id/3881,True
2009-07-26T01:00Z,2009-07-26T01:00Z,Hungarian GP,Hungaroring,868,Lewis Hamilton,https://a.espncdn.com/i/teamlogos/countries/500/gbr.png,Britain,/f1/race/_/id/3882,True
2009-08-23T01:00Z,2009-08-23T01:00Z,European GP,,301,Rubens Barrichello,https://a.espncdn.com/i/teamlogos/countries/500/bra.png,Brazil,/f1/race/_/id/3883,True
2009-08-30T01:00Z,2009-08-30T01:00Z,Belgian GP,Circuit de Spa-Francorchamps,337,Kimi Raikkonen,https://a.espncdn.com/i/teamlogos/countries/500/fin.png,Finland,/f1/race/_/id/3884,True
2009-09-13T01:00Z,2009-09-13T01:00Z,Italian GP,Autodromo Nazionale Monza,301,Rubens Barrichello,https://a.espncdn.com/i/teamlogos/countries/500/bra.png,Brazil,/f1/race/_/id/3885,True
2009-09-27T01:00Z,2009-09-27T01:00Z,Singapore GP,Marina Bay Street Circuit,868,Lewis Hamilton,https://a.espncdn.com/i/teamlogos/countries/500/gbr.png,Britain,/f1/race/_/id/3886,True
2009-10-04T01:00Z,2009-10-04T01:00Z,Japanese GP,Suzuka International Racing Course,864,Sebastian Vettel,https://a.espncdn.com/i/teamlogos/countries/500/ger.png,Germany,/f1/race/_/id/3887,True
2009-10-18T01:00Z,2009-10-18T01:00Z,Brazilian GP,Autodromo Jose Carlos Pace,434,Mark Webber,https://a.espncdn.com/i/teamlogos/countries/500/aus.png,Australia,/f1/race/_/id/3888,True
2009-11-01T01:00Z,2009-11-01T01:00Z,Abu Dhabi GP,Yas Marina Circuit,864,Sebastian Vettel,https://a.espncdn.com/i/teamlogos/countries/500/ger.png,Germany,/f1/race/_/id/3889,True
2011-03-25T01:30Z,2011-03-27T06:00Z,Australian GP,Melbourne Grand Prix Circuit,864,Sebastian Vettel,https://a.espncdn.com/i/teamlogos/countries/500/ger.png,Germany,/f1/race/_/id/3920,True
2011-04-08T02:00Z,2011-04-10T08:00Z,Malaysian GP,Sepang International Circuit,864,Sebastian Vettel,https://a.espncdn.com/i/teamlogos/countries/500/ger.png,Germany,/f1/race/_/id/3921,True
2011-04-15T02:00Z,2011-04-17T07:00Z,Chinese GP,Shanghai International Circuit,868,Lewis Hamilton,https://a.espncdn.com/i/teamlogos/countries/500/gbr.png,Britain,/f1/race/_/id/3922,True
2011-05-06T07:00Z,2011-05-08T12:00Z,Turkish GP,Istanbul Racing Circuit,864,Sebastian Vettel,https://a.espncdn.com/i/teamlogos/countries/500/ger.png,Germany,/f1/race/_/id/3923,True
2011-05-20T08:00Z,2011-05-22T12:00Z,Spanish GP,Madring,864,Sebastian Vettel,https://a.espncdn.com/i/teamlogos/countries/500/ger.png,Germany,/f1/race/_/id/3924,True
2011-05-26T08:00Z,2011-05-29T12:00Z,Monaco GP,Circuit de Monaco,864,Sebastian Vettel,https://a.espncdn.com/i/teamlogos/countries/500/ger.png,Germany,/f1/race/_/id/3925,True
2011-06-10T14:00Z,2011-06-12T17:00Z,Canadian GP,Circuit Gilles-Villeneuve,312,Jenson Button,https://a.espncdn.com/i/teamlogos/countries/500/gbr.png,Britain,/f1/race/_/id/3926,True
2011-06-24T08:00Z,2011-06-26T12:00Z,European GP,,864,Sebastian Vettel,https://a.espncdn.com/i/teamlogos/countries/500/ger.png,Germany,/f1/race/_/id/3927,True
2011-07-08T08:00Z,2011-07-10T12:00Z,British GP,Silverstone Circuit,348,Fernando Alonso,https://a.espncdn.com/i/teamlogos/countries/500/esp.png,Spain,/f1/race/_/id/3928,True
2011-07-22T08:00Z,2011-07-24T12:00Z,German GP,Hockenheimring,868,Lewis Hamilton,https://a.espncdn.com/i/teamlogos/countries/500/gbr.png,Britain,/f1/race/_/id/3929,True
2011-07-29T08:00Z,2011-07-31T12:00Z,Hungarian GP,Hungaroring,312,Jenson Button,https://a.espncdn.com/i/teamlogos/countries/500/gbr.png,Britain,/f1/race/_/id/3930,True
2011-08-26T08:00Z,2011-08-28T12:00Z,Belgian GP,Circuit de Spa-Francorchamps,864,Sebastian Vettel,https://a.espncdn.com/i/teamlogos/countries/500/ger.png,Germany,/f1/race/_/id/3931,True
2011-09-09T08:00Z,2011-09-11T12:00Z,Italian GP,Autodromo Nazionale Monza,864,Sebastian Vettel,https://a.espncdn.com/i/teamlogos/countries/500/ger.png,Germany,/f1/race/_/id/3932,True
2011-09-23T10:00Z,2011-09-25T12:00Z,Singapore GP,Marina Bay Street Circuit,864,Sebastian Vettel,https://a.espncdn.com/i/teamlogos/countries/500/ger.png,Germany,/f1/race/_/id/3933,True
2011-10-07T01:00Z,2011-10-09T06:00Z,Japanese GP,Suzuka International Racing Course,312,Jenson Button,https://a.espncdn.com/i/teamlogos/countries/500/gbr.png,Britain,/f1/race/_/id/3934,True
2011-10-14T01:00Z,2011-10-16T06:00Z,Korean GP,Korea International,864,Sebastian Vettel,https://a.espncdn.com/i/teamlogos/countries/500/ger.png,Germany,/f1/race/_/id/3935,True
2011-10-28T04:30Z,2011-10-30T09:30Z,Indian GP,Buddh International Circuit,864,Sebastian Vettel,https://a.espncdn.com/i/teamlogos/countries/500/ger.png,Germany,/f1/race/_/id/3936,True
2011-11-11T09:00Z,2011-11-13T13:00Z,Abu Dhabi GP,Yas Marina Circuit,868,Lewis Hamilton,https://a.espncdn.com/i/teamlogos/countries/500/gbr.png,Britain,/f1/race/_/id/3937,True
2011-11-25T12:00Z,2011-11-27T16:00Z,Brazilian GP,Autodromo Jose Carlos Pace,434,Mark Webber,https://a.espncdn.com/i/teamlogos/countries/500/aus.png,Australia,/f1/race/_/id/3938,True
2012-03-16T01:30Z,2012-03-18T06:00Z,Australian GP,Melbourne Grand Prix Circuit,312,Jenson Button,https://a.espncdn.com/i/teamlogos/countries/500/gbr.png,Britain,/f1/race/_/id/3952,True
2012-03-23T02:00Z,2012-03-25T08:00Z,Malaysian GP,Sepang International Circuit,348,Fernando Alonso,https://a.espncdn.com/i/teamlogos/countries/500/esp.png,Spain,/f1/race/_/id/3953,True
2012-04-13T02:00Z,2012-04-15T07:00Z,Chinese GP,Shanghai International Circuit,783,Nico Rosberg,https://a.espncdn.com/i/teamlogos/countries/500/ger.png,Germany,/f1/race/_/id/3954,True
2012-04-20T07:00Z,2012-04-22T12:00Z,Bahrain GP,Bahrain International Circuit,864,Sebastian Vettel,https://a.espncdn.com/i/teamlogos/countries/500/ger.png,Germany,/f1/race/_/id/3951,True
2012-05-11T08:00Z,2012-05-13T12:00Z,Spanish GP,Madring,4474,Pastor Maldonado,https://a.espncdn.com/i/teamlogos/countries/500/ven.png,Venezuela,/f1/race/_/id/3957,True
2012-05-24T08:00Z,2012-05-27T12:00Z,Monaco GP,Circuit de Monaco,434,Mark Webber,https://a.espncdn.com/i/teamlogos/countries/500/aus.png,Australia,/f1/race/_/id/3958,True
2012-06-08T14:00Z,2012-06-10T18:00Z,Canadian GP,Circuit Gilles-Villeneuve,868,Lewis Hamilton,https://a.espncdn.com/i/teamlogos/countries/500/gbr.png,Britain,/f1/race/_/id/3959,True
2012-06-22T08:00Z,2012-06-24T12:00Z,European GP,,348,Fernando Alonso,https://a.espncdn.com/i/teamlogos/countries/500/esp.png,Spain,/f1/race/_/id/3961,True
2012-07-06T09:00Z,2012-07-08T12:00Z,British GP,Silverstone Circuit,434,Mark Webber,https://a.espncdn.com/i/teamlogos/countries/500/aus.png,Australia,/f1/race/_/id/3962,True
2012-07-20T08:00Z,2012-07-22T12:00Z,German GP,Hockenheimring,348,Fernando Alonso,https://a.espncdn.com/i/teamlogos/countries/500/esp.png,Spain,/f1/race/_/id/3963,True
2012-07-27T08:00Z,2012-07-29T12:00Z,Hungarian GP,Hungaroring,868,Lewis Hamilton,https://a.espncdn.com/i/teamlogos/countries/500/gbr.png,Britain,/f1/race/_/id/3964,True
2012-08-31T08:00Z,2012-09-02T12:00Z,Belgian GP,Circuit de Spa-Francorchamps,312,Jenson Button,https://a.espncdn.com/i/teamlogos/countries/500/gbr.png,Britain,/f1/race/_/id/3965,True
2012-09-07T08:00Z,2012-09-09T12:00Z,Italian GP,Autodromo Nazionale Monza,868,Lewis Hamilton,https://a.espncdn.com/i/teamlogos/countries/500/gbr.png,Britain,/f1/race/_/id/3966,True
2012-09-21T10:00Z,2012-09-23T12:00Z,Singapore GP,Marina Bay Street Circuit,864,Sebastian Vettel,https://a.espncdn.com/i/teamlogos/countries/500/ger.png,Germany,/f1/race/_/id/3967,True
2012-10-05T01:00Z,2012-10-07T06:00Z,Japanese GP,Suzuka International Racing Course,864,Sebastian Vettel,https://a.espncdn.com/i/teamlogos/countries/500/ger.png,Germany,/f1/race/_/id/3968,True
2012-10-12T01:00Z,2012-10-14T06:00Z,Korean GP,Korea International,864,Sebastian Vettel,https://a.espncdn.com/i/teamlogos/countries/500/ger.png,Germany,/f1/race/_/id/3955,True
2012-10-26T04:30Z,2012-10-28T09:30Z,Indian GP,Buddh International Circuit,864,Sebastian Vettel,https://a.espncdn.com/i/teamlogos/countries/500/ger.png,Germany,/f1/race/_/id/3969,True
2012-11-02T09:00Z,2012-11-04T13:00Z,Abu Dhabi GP,Yas Marina Circuit,337,Kimi Raikkonen,https://a.espncdn.com/i/teamlogos/countries/500/fin.png,Finland,/f1/race/_/id/3970,True
2012-11-16T15:00Z,2012-11-18T19:00Z,United States GP,Circuit of the Americas,868,Lewis Hamilton,https://a.espncdn.com/i/teamlogos/countries/500/gbr.png,Britain,/f1/race/_/id/3960,True
2012-11-23T12:00Z,2012-11-25T16:00Z,Brazilian GP,Autodromo Jose Carlos Pace,312,Jenson Button,https://a.espncdn.com/i/teamlogos/countries/500/gbr.png,Britain,/f1/race/_/id/3971,True
2013-03-15T01:30Z,2013-03-17T06:00Z,Australian GP,Melbourne Grand Prix Circuit,337,Kimi Raikkonen,https://a.espncdn.com/i/teamlogos/countries/500/fin.png,Finland,/f1/race/_/id/18680,True
2013-03-22T02:00Z,2013-03-24T08:00Z,Malaysian GP,Sepang International Circuit,864,Sebastian Vettel,https://a.espncdn.com/i/teamlogos/countries/500/ger.png,Germany,/f1/race/_/id/18681,True
2013-04-12T02:00Z,2013-04-14T07:00Z,Chinese GP,Shanghai International Circuit,348,Fernando Alonso,https://a.espncdn.com/i/teamlogos/countries/500/esp.png,Spain,/f1/race/_/id/18682,True
2013-04-19T07:00Z,2013-04-21T12:00Z,Bahrain GP,Bahrain International Circuit,864,Sebastian Vettel,https://a.espncdn.com/i/teamlogos/countries/500/ger.png,Germany,/f1/race/_/id/18683,True
2013-05-10T08:00Z,2013-05-12T12:00Z,Spanish GP,Madring,348,Fernando Alonso,https://a.espncdn.com/i/teamlogos/countries/500/esp.png,Spain,/f1/race/_/id/18684,True
2013-05-23T08:00Z,2013-05-26T12:00Z,Monaco GP,Circuit de Monaco,783,Nico Rosberg,https://a.espncdn.com/i/teamlogos/countries/500/ger.png,Germany,/f1/race/_/id/18685,True
2013-06-07T14:00Z,2013-06-09T18:00Z,Canadian GP,Circuit Gilles-Villeneuve,864,Sebastian Vettel,https://a.espncdn.com/i/teamlogos/countries/500/ger.png,Germany,/f1/race/_/id/18686,True
2013-06-28T09:00Z,2013-06-30T12:00Z,British GP,Silverstone Circuit,783,Nico Rosberg,https://a.espncdn.com/i/teamlogos/countries/500/ger.png,Germany,/f1/race/_/id/18687,True
2013-07-05T08:00Z,2013-07-07T12:00Z,German GP,Hockenheimring,864,Sebastian Vettel,https://a.espncdn.com/i/teamlogos/countries/500/ger.png,Germany,/f1/race/_/id/18688,True
2013-07-26T08:00Z,2013-07-28T12:00Z,Hungarian GP,Hungaroring,868,Lewis Hamilton,https://a.espncdn.com/i/teamlogos/countries/500/gbr.png,Britain,/f1/race/_/id/18689,True
2013-08-23T08:00Z,2013-08-25T12:00Z,Belgian GP,Circuit de Spa-Francorchamps,864,Sebastian Vettel,https://a.espncdn.com/i/teamlogos/countries/500/ger.png,Germany,/f1/race/_/id/18690,True
2013-09-06T08:00Z,2013-09-08T12:00Z,Italian GP,Autodromo Nazionale Monza,864,Sebastian Vettel,https://a.espncdn.com/i/teamlogos/countries/500/ger.png,Germany,/f1/race/_/id/18691,True
2013-09-20T10:00Z,2013-09-22T12:00Z,Singapore GP,Marina Bay Street Circuit,864,Sebastian Vettel,https://a.espncdn.com/i/teamlogos/countries/500/ger.png,Germany,/f1/race/_/id/18692,True
2013-10-04T01:00Z,2013-10-06T06:00Z,Korean GP,Korea International,864,Sebastian Vettel,https://a.espncdn.com/i/teamlogos/countries/500/ger.png,Germany,/f1/race/_/id/18693,True
2013-10-11T01:00Z,2013-10-13T06:00Z,Japanese GP,Suzuka International Racing Course,864,Sebastian Vettel,https://a.espncdn.com/i/teamlogos/countries/500/ger.png,Germany,/f1/race/_/id/18694,True
2013-10-25T04:30Z,2013-10-27T09:30Z,Indian GP,Buddh International Circuit,864,Sebastian Vettel,https://a.espncdn.com/i/teamlogos/countries/500/ger.png,Germany,/f1/race/_/id/18695,True
2013-11-01T09:00Z,2013-11-03T13:00Z,Abu Dhabi GP,Yas Marina Circuit,864,Sebastian Vettel,https://a.espncdn.com/i/teamlogos/countries/500/ger.png,Germany,/f1/race/_/id/18696,True
2013-11-15T15:00Z,2013-11-17T19:00Z,United States GP,Circuit of the Americas,864,Sebastian Vettel,https://a.espncdn.com/i/teamlogos/countries/500/ger.png,Germany,/f1/race/_/id/18697,True
2013-11-22T12:00Z,2013-11-24T16:00Z,Brazilian GP,Autodromo Jose Carlos Pace,864,Sebastian Vettel,https://a.espncdn.com/i/teamlogos/countries/500/ger.png,Germany,/f1/race/_/id/18698,True
2014-03-14T01:30Z,2014-03-16T06:00Z,Australian GP,Melbourne Grand Prix Circuit,783,Nico Rosberg,https://a.espncdn.com/i/teamlogos/countries/500/ger.png,Germany,/f1/race/_/id/18710,True
2014-03-28T02:00Z,2014-03-30T08:00Z,Malaysian GP,Sepang International Circuit,868,Lewis Hamilton,https://a.espncdn.com/i/teamlogos/countries/500/gbr.png,Britain,/f1/race/_/id/18711,True
2014-04-04T11:00Z,2014-04-06T15:00Z,Bahrain GP,Bahrain International Circuit,868,Lewis Hamilton,https://a.espncdn.com/i/teamlogos/countries/500/gbr.png,Britain,/f1/race/_/id/18712,True
2014-04-18T02:00Z,2014-04-20T07:00Z,Chinese GP,Shanghai International Circuit,868,Lewis Hamilton,https://a.espncdn.com/i/teamlogos/countries/500/gbr.png,Britain,/f1/race/_/id/18713,True
2014-05-09T08:00Z,2014-05-11T12:00Z,Spanish GP,Madring,868,Lewis Hamilton,https://a.espncdn.com/i/teamlogos/countries/500/gbr.png,Britain,/f1/race/_/id/18714,True
2014-05-22T08:00Z,2014-05-25T12:00Z,Monaco GP,Circuit de Monaco,783,Nico Rosberg,https://a.espncdn.com/i/teamlogos/countries/500/ger.png,Germany,/f1/race/_/id/18715,True
2014-06-06T14:00Z,2014-06-08T18:00Z,Canadian GP,Circuit Gilles-Villeneuve,4510,Daniel Ricciardo,https://a.espncdn.com/i/teamlogos/countries/500/aus.png,Australia,/f1/race/_/id/18716,True
2014-06-20T08:00Z,2014-06-22T12:00Z,Austrian GP,Red Bull Ring,783,Nico Rosberg,https://a.espncdn.com/i/teamlogos/countries/500/ger.png,Germany,/f1/race/_/id/18717,True
2014-07-04T09:00Z,2014-07-06T12:00Z,British GP,Silverstone Circuit,868,Lewis Hamilton,https://a.espncdn.com/i/teamlogos/countries/500/gbr.png,Britain,/f1/race/_/id/18718,True
2014-07-18T08:00Z,2014-07-20T12:00Z,German GP,Hockenheimring,783,Nico Rosberg,https://a.espncdn.com/i/teamlogos/countries/500/ger.png,Germany,/f1/race/_/id/18719,True
2014-07-25T08:00Z,2014-07-27T12:00Z,Hungarian GP,Hungaroring,4510,Daniel Ricciardo,https://a.espncdn.com/i/teamlogos/countries/500/aus.png,Australia,/f1/race/_/id/18720,True
2014-08-22T08:00Z,2014-08-24T12:00Z,Belgian GP,Circuit de Spa-Francorchamps,4510,Daniel Ricciardo,https://a.espncdn.com/i/teamlogos/countries/500/aus.png,Australia,/f1/race/_/id/18721,True
2014-09-05T08:00Z,2014-09-07T12:00Z,Italian GP,Autodromo Nazionale Monza,868,Lewis Hamilton,https://a.espncdn.com/i/teamlogos/countries/500/gbr.png,Britain,/f1/race/_/id/18722,True
2014-09-19T10:00Z,2014-09-21T12:00Z,Singapore GP,Marina Bay Street Circuit,868,Lewis Hamilton,https://a.espncdn.com/i/teamlogos/countries/500/gbr.png,Britain,/f1/race/_/id/18723,True
2014-10-03T01:00Z,2014-10-05T06:00Z,Japanese GP,Suzuka International Racing Course,868,Lewis Hamilton,https://a.espncdn.com/i/teamlogos/countries/500/gbr.png,Britain,/f1/race/_/id/18724,True
2014-10-10T06:00Z,2014-10-12T11:00Z,Russian GP,Sochi Autodrom,868,Lewis Hamilton,https://a.espncdn.com/i/teamlogos/countries/500/gbr.png,Britain,/f1/race/_/id/18725,True
2014-10-31T15:00Z,2014-11-02T20:00Z,United States GP,Circuit of the Americas,868,Lewis Hamilton,https://a.espncdn.com/i/teamlogos/countries/500/gbr.png,Britain,/f1/race/_/id/18726,True
2014-11-07T12:00Z,2014-11-09T16:00Z,Brazilian GP,Autodromo Jose Carlos Pace,783,Nico Rosberg,https://a.espncdn.com/i/teamlogos/countries/500/ger.png,Germany,/f1/race/_/id/18727,True
2014-11-21T09:00Z,2014-11-23T13:00Z,Abu Dhabi GP,Yas Marina Circuit,868,Lewis Hamilton,https://a.espncdn.com/i/teamlogos/countries/500/gbr.png,Britain,/f1/race/_/id/18728,True
2015-03-13T01:30Z,2015-03-15T05:00Z,Australian GP,Melbourne Grand Prix Circuit,868,Lewis Hamilton,https://a.espncdn.com/i/teamlogos/countries/500/gbr.png,Britain,/f1/race/_/id/18740,True
2015-03-27T02:00Z,2015-03-29T07:00Z,Malaysian GP,Sepang International Circuit,864,Sebastian Vettel,https://a.espncdn.com/i/teamlogos/countries/500/ger.png,Germany,/f1/race/_/id/18741,True
2015-04-10T02:00Z,2015-04-12T06:00Z,Chinese GP,Shanghai International Circuit,868,Lewis Hamilton,https://a.espncdn.com/i/teamlogos/countries/500/gbr.png,Britain,/f1/race/_/id/18742,True
2015-04-17T11:00Z,2015-04-19T15:00Z,Bahrain GP,Bahrain International Circuit,868,Lewis Hamilton,https://a.espncdn.com/i/teamlogos/countries/500/gbr.png,Britain,/f1/race/_/id/18743,True
2015-05-08T08:00Z,2015-05-10T12:00Z,Spanish GP,Madring,783,Nico Rosberg,https://a.espncdn.com/i/teamlogos/countries/500/ger.png,Germany,/f1/race/_/id/18744,True
2015-05-21T08:00Z,2015-05-24T12:00Z,Monaco GP,Circuit de Monaco,783,Nico Rosberg,https://a.espncdn.com/i/teamlogos/countries/500/ger.png,Germany,/f1/race/_/id/18745,True
2015-06-05T14:00Z,2015-06-07T18:00Z,Canadian GP,Circuit Gilles-Villeneuve,868,Lewis Hamilton,https://a.espncdn.com/i/teamlogos/countries/500/gbr.png,Britain,/f1/race/_/id/18746,True
2015-06-19T08:00Z,2015-06-21T12:00Z,Austrian GP,Red Bull Ring,783,Nico Rosberg,https://a.espncdn.com/i/teamlogos/countries/500/ger.png,Germany,/f1/race/_/id/18747,True
2015-07-03T09:00Z,2015-07-05T12:00Z,British GP,Silverstone Circuit,868,Lewis Hamilton,https://a.espncdn.com/i/teamlogos/countries/500/gbr.png,Britain,/f1/race/_/id/18748,True
2015-07-24T08:00Z,2015-07-26T12:00Z,Hungarian GP,Hungaroring,864,Sebastian Vettel,https://a.espncdn.com/i/teamlogos/countries/500/ger.png,Germany,/f1/race/_/id/18749,True
2015-08-21T08:00Z,2015-08-23T12:00Z,Belgian GP,Circuit de Spa-Francorchamps,868,Lewis Hamilton,https://a.espncdn.com/i/teamlogos/countries/500/gbr.png,Britain,/f1/race/_/id/18750,True
2015-09-04T08:00Z,2015-09-06T12:00Z,Italian GP,Autodromo Nazionale Monza,868,Lewis Hamilton,https://a.espncdn.com/i/teamlogos/countries/500/gbr.png,Britain,/f1/race/_/id/18751,True
2015-09-18T10:00Z,2015-09-20T12:00Z,Singapore GP,Marina Bay Street Circuit,864,Sebastian Vettel,https://a.espncdn.com/i/teamlogos/countries/500/ger.png,Germany,/f1/race/_/id/18752,True
2015-09-25T01:00Z,2015-09-27T05:00Z,Japanese GP,Suzuka International Racing Course,868,Lewis Hamilton,https://a.espncdn.com/i/teamlogos/countries/500/gbr.png,Britain,/f1/race/_/id/18753,True
2015-10-09T06:00Z,2015-10-11T10:00Z,Russian GP,Sochi Autodrom,868,Lewis Hamilton,https://a.espncdn.com/i/teamlogos/countries/500/gbr.png,Britain,/f1/race/_/id/18754,True
2015-10-23T15:00Z,2015-10-25T19:00Z,United States GP,Circuit of the Americas,868,Lewis Hamilton,https://a.espncdn.com/i/teamlogos/countries/500/gbr.png,Britain,/f1/race/_/id/18755,True
2015-10-30T16:00Z,2015-11-01T19:00Z,Mexican GP,Autodromo Hermanos Rodriguez,783,Nico Rosberg,https://a.espncdn.com/i/teamlogos/countries/500/ger.png,Germany,/f1/race/_/id/18756,True
2015-11-13T12:00Z,2015-11-15T16:00Z,Brazilian GP,Autodromo Jose Carlos Pace,783,Nico Rosberg,https://a.espncdn.com/i/teamlogos/countries/500/ger.png,Germany,/f1/race/_/id/18757,True
2015-11-27T09:00Z,2015-11-29T13:00Z,Abu Dhabi GP,Yas Marina Circuit,783,Nico Rosberg,https://a.espncdn.com/i/teamlogos/countries/500/ger.png,Germany,/f1/race/_/id/18758,True
2016-03-18T01:30Z,2016-03-20T05:00Z,Australian GP,Melbourne Grand Prix Circuit,783,Nico Rosberg,https://a.espncdn.com/i/teamlogos/countries/500/ger.png,Germany,/f1/race/_/id/18770,True
2016-04-01T11:00Z,2016-04-03T15:00Z,Bahrain GP,Bahrain International Circuit,783,Nico Rosberg,https://a.espncdn.com/i/teamlogos/countries/500/ger.png,Germany,/f1/race/_/id/18771,True
2016-04-15T02:00Z,2016-04-17T06:00Z,Chinese GP,Shanghai International Circuit,783,Nico Rosberg,https://a.espncdn.com/i/teamlogos/countries/500/ger.png,Germany,/f1/race/_/id/18772,True
2016-04-29T06:00Z,2016-05-01T11:00Z,Russian GP,Sochi Autodrom,783,Nico Rosberg,https://a.espncdn.com/i/teamlogos/countries/500/ger.png,Germany,/f1/race/_/id/18773,True
2016-05-13T08:00Z,2016-05-15T12:00Z,Spanish GP,Madring,4665,Max Verstappen,https://a.espncdn.com/i/teamlogos/countries/500/ned.png,Netherlands,/f1/race/_/id/18774,True
2016-05-26T08:00Z,2016-05-29T12:00Z,Monaco GP,Circuit de Monaco,868,Lewis Hamilton,https://a.espncdn.com/i/teamlogos/countries/500/gbr.png,Britain,/f1/race/_/id/18775,True
2016-06-10T14:00Z,2016-06-12T18:00Z,Canadian GP,Circuit Gilles-Villeneuve,868,Lewis Hamilton,https://a.espncdn.com/i/teamlogos/countries/500/gbr.png,Britain,/f1/race/_/id/18776,True
2016-06-17T09:00Z,2016-06-19T13:00Z,European GP,,783,Nico Rosberg,https://a.espncdn.com/i/teamlogos/countries/500/ger.png,Germany,/f1/race/_/id/18777,True
2016-07-01T08:00Z,2016-07-03T12:00Z,Austrian GP,Red Bull Ring,868,Lewis Hamilton,https://a.espncdn.com/i/teamlogos/countries/500/gbr.png,Britain,/f1/race/_/id/18778,True
2016-07-08T09:00Z,2016-07-10T12:00Z,British GP,Silverstone Circuit,868,Lewis Hamilton,https://a.espncdn.com/i/teamlogos/countries/500/gbr.png,Britain,/f1/race/_/id/18779,True
2016-07-22T08:00Z,2016-07-24T12:00Z,Hungarian GP,Hungaroring,868,Lewis Hamilton,https://a.espncdn.com/i/teamlogos/countries/500/gbr.png,Britain,/f1/race/_/id/18780,True
2016-07-29T08:00Z,2016-07-31T12:00Z,German GP,Hockenheimring,868,Lewis Hamilton,https://a.espncdn.com/i/teamlogos/countries/500/gbr.png,Britain,/f1/race/_/id/18781,True
2016-08-26T08:00Z,2016-08-28T12:00Z,Belgian GP,Circuit de Spa-Francorchamps,783,Nico Rosberg,https://a.espncdn.com/i/teamlogos/countries/500/ger.png,Germany,/f1/race/_/id/18782,True
2016-09-02T08:00Z,2016-09-04T12:00Z,Italian GP,Autodromo Nazionale Monza,783,Nico Rosberg,https://a.espncdn.com/i/teamlogos/countries/500/ger.png,Germany,/f1/race/_/id/18783,True
2016-09-16T10:00Z,2016-09-18T12:00Z,Singapore GP,Marina Bay Street Circuit,783,Nico Rosberg,https://a.espncdn.com/i/teamlogos/countries/500/ger.png,Germany,/f1/race/_/id/18784,True
2016-09-30T02:00Z,2016-10-02T07:00Z,Malaysian GP,Sepang International Circuit,4510,Daniel Ricciardo,https://a.espncdn.com/i/teamlogos/countries/500/aus.png,Australia,/f1/race/_/id/18785,True
2016-10-07T01:00Z,2016-10-09T05:00Z,Japanese GP,Suzuka International Racing Course,783,Nico Rosberg,https://a.espncdn.com/i/teamlogos/countries/500/ger.png,Germany,/f1/race/_/id/18786,True
2016-10-21T15:00Z,2016-10-23T19:00Z,United States GP,Circuit of the Americas,868,Lewis Hamilton,https://a.espncdn.com/i/teamlogos/countries/500/gbr.png,Britain,/f1/race/_/id/18787,True
2016-10-28T15:00Z,2016-10-30T19:00Z,Mexican GP,Autodromo Hermanos Rodriguez,868,Lewis Hamilton,https://a.espncdn.com/i/teamlogos/countries/500/gbr.png,Britain,/f1/race/_/id/18788,True
2016-11-11T12:00Z,2016-11-13T16:00Z,Brazilian GP,Autodromo Jose Carlos Pace,868,Lewis Hamilton,https://a.espncdn.com/i/teamlogos/countries/500/gbr.png,Britain,/f1/race/_/id/18789,True
2016-11-25T09:00Z,2016-11-27T13:00Z,Abu Dhabi GP,Yas Marina Circuit,868,Lewis Hamilton,https://a.espncdn.com/i/teamlogos/countries/500/gbr.png,Britain,/f1/race/_/id/18790,True
2017-03-24T01:00Z,2017-03-26T05:00Z,Australian GP,Melbourne Grand Prix Circuit,864,Sebastian Vettel,https://a.espncdn.com/i/teamlogos/countries/500/ger.png,Germany,/f1/race/_/id/18802,True
2017-04-07T02:00Z,2017-04-09T06:00Z,Chinese GP,Shanghai International Circuit,868,Lewis Hamilton,https://a.espncdn.com/i/teamlogos/countries/500/gbr.png,Britain,/f1/race/_/id/18803,True
2017-04-14T11:00Z,2017-04-16T15:00Z,Bahrain GP,Bahrain International Circuit,864,Sebastian Vettel,https://a.espncdn.com/i/teamlogos/countries/500/ger.png,Germany,/f1/race/_/id/18804,True
2017-04-28T07:00Z,2017-04-30T11:00Z,Russian GP,Sochi Autodrom,4520,Valtteri Bottas,https://a.espncdn.com/i/teamlogos/countries/500/fin.png,Finland,/f1/race/_/id/18805,True
2017-05-12T08:00Z,2017-05-14T12:00Z,Spanish GP,Madring,868,Lewis Hamilton,https://a.espncdn.com/i/teamlogos/countries/500/gbr.png,Britain,/f1/race/_/id/18806,True
2017-05-25T08:00Z,2017-05-28T12:00Z,Monaco GP,Circuit de Monaco,864,Sebastian Vettel,https://a.espncdn.com/i/teamlogos/countries/500/ger.png,Germany,/f1/race/_/id/18807,True
2017-06-09T14:00Z,2017-06-11T18:00Z,Canadian GP,Circuit Gilles-Villeneuve,868,Lewis Hamilton,https://a.espncdn.com/i/teamlogos/countries/500/gbr.png,Britain,/f1/race/_/id/18808,True
2017-06-23T09:00Z,2017-06-25T13:00Z,Azerbaijan GP,Baku City Circuit,4510,Daniel Ricciardo,https://a.espncdn.com/i/teamlogos/countries/500/aus.png,Australia,/f1/race/_/id/18809,True
2017-07-07T08:00Z,2017-07-09T12:00Z,Austrian GP,Red Bull Ring,4520,Valtteri Bottas,https://a.espncdn.com/i/teamlogos/countries/500/fin.png,Finland,/f1/race/_/id/18810,True
2017-07-14T08:00Z,2017-07-16T12:00Z,British GP,Silverstone Circuit,868,Lewis Hamilton,https://a.espncdn.com/i/teamlogos/countries/500/gbr.png,Britain,/f1/race/_/id/18811,True
2017-07-28T08:00Z,2017-07-30T12:00Z,Hungarian GP,Hungaroring,864,Sebastian Vettel,https://a.espncdn.com/i/teamlogos/countries/500/ger.png,Germany,/f1/race/_/id/18812,True
2017-08-25T08:00Z,2017-08-27T12:00Z,Belgian GP,Circuit de Spa-Francorchamps,868,Lewis Hamilton,https://a.espncdn.com/i/teamlogos/countries/500/gbr.png,Britain,/f1/race/_/id/18813,True
2017-09-01T08:00Z,2017-09-03T12:00Z,Italian GP,Autodromo Nazionale Monza,868,Lewis Hamilton,https://a.espncdn.com/i/teamlogos/countries/500/gbr.png,Britain,/f1/race/_/id/18814,True
2017-09-15T08:30Z,2017-09-17T12:00Z,Singapore GP,Marina Bay Street Circuit,868,Lewis Hamilton,https://a.espncdn.com/i/teamlogos/countries/500/gbr.png,Britain,/f1/race/_/id/18815,True
2017-09-29T03:00Z,2017-10-01T07:00Z,Malaysian GP,Sepang International Circuit,4665,Max Verstappen,https://a.espncdn.com/i/teamlogos/countries/500/ned.png,Netherlands,/f1/race/_/id/18816,True
2017-10-06T01:00Z,2017-10-08T05:00Z,Japanese GP,Suzuka International Racing Course,868,Lewis Hamilton,https://a.espncdn.com/i/teamlogos/countries/500/gbr.png,Britain,/f1/race/_/id/18817,True
2017-10-20T15:00Z,2017-10-22T19:00Z,United States GP,Circuit of the Americas,868,Lewis Hamilton,https://a.espncdn.com/i/teamlogos/countries/500/gbr.png,Britain,/f1/race/_/id/18818,True
2017-10-27T15:00Z,2017-10-29T19:00Z,Mexican GP,Autodromo Hermanos Rodriguez,4665,Max Verstappen,https://a.espncdn.com/i/teamlogos/countries/500/ned.png,Netherlands,/f1/race/_/id/18819,True
2017-11-10T12:00Z,2017-11-12T16:00Z,Brazilian GP,Autodromo Jose Carlos Pace,864,Sebastian Vettel,https://a.espncdn.com/i/teamlogos/countries/500/ger.png,Germany,/f1/race/_/id/18820,True
2017-11-24T09:00Z,2017-11-26T13:00Z,Abu Dhabi GP,Yas Marina Circuit,4520,Valtteri Bottas,https://a.espncdn.com/i/teamlogos/countries/500/fin.png,Finland,/f1/race/_/id/18821,True
2019-03-15T01:00Z,2019-03-17T05:10Z,Australian GP,Melbourne Grand Prix Circuit,4520,Valtteri Bottas,https://a.espncdn.com/i/teamlogos/countries/500/fin.png,Finland,/f1/race/_/id/23460,True
2019-03-29T11:00Z,2019-03-31T15:10Z,Bahrain GP,Bahrain International Circuit,868,Lewis Hamilton,https://a.espncdn.com/i/teamlogos/countries/500/gbr.png,Britain,/f1/race/_/id/23461,True
2019-04-12T02:00Z,2019-04-14T06:10Z,Chinese GP,Shanghai International Circuit,868,Lewis Hamilton,https://a.espncdn.com/i/teamlogos/countries/500/gbr.png,Britain,/f1/race/_/id/23462,True
2019-04-26T09:00Z,2019-04-28T12:10Z,Socar Azerbaijan GP,Baku City Circuit,4520,Valtteri Bottas,https://a.espncdn.com/i/teamlogos/countries/500/fin.png,Finland,/f1/race/_/id/23463,True
2019-05-10T09:00Z,2019-05-12T13:10Z,Spanish GP,Madring,868,Lewis Hamilton,https://a.espncdn.com/i/teamlogos/countries/500/gbr.png,Britain,/f1/race/_/id/23464,True
2019-05-23T09:00Z,2019-05-26T13:10Z,Monaco GP,Circuit de Monaco,868,Lewis Hamilton,https://a.espncdn.com/i/teamlogos/countries/500/gbr.png,Britain,/f1/race/_/id/23465,True
2019-06-07T14:00Z,2019-06-09T18:10Z,Canadian GP,Circuit Gilles-Villeneuve,868,Lewis Hamilton,https://a.espncdn.com/i/teamlogos/countries/500/gbr.png,Britain,/f1/race/_/id/23466,True
2019-06-21T08:55Z,2019-06-23T13:10Z,French GP,Circuit Paul Ricard,868,Lewis Hamilton,https://a.espncdn.com/i/teamlogos/countries/500/gbr.png,Britain,/f1/race/_/id/23467,True
2019-06-28T08:55Z,2019-06-30T13:05Z,Austrian GP,Red Bull Ring,4665,Max Verstappen,https://a.espncdn.com/i/teamlogos/countries/500/ned.png,Netherlands,/f1/race/_/id/23468,True
2019-07-12T08:55Z,2019-07-14T13:05Z,Rolex British GP,Silverstone Circuit,868,Lewis Hamilton,https://a.espncdn.com/i/teamlogos/countries/500/gbr.png,Britain,/f1/race/_/id/23469,True
2019-07-26T08:55Z,2019-07-28T13:05Z,Mercedes-Benz German GP,Hockenheimring,4665,Max Verstappen,https://a.espncdn.com/i/teamlogos/countries/500/ned.png,Netherlands,/f1/race/_/id/23470,True
2019-08-02T08:55Z,2019-08-04T13:05Z,Hungarian GP,Hungaroring,868,Lewis Hamilton,https://a.espncdn.com/i/teamlogos/countries/500/gbr.png,Britain,/f1/race/_/id/23471,True
2019-08-30T08:55Z,2019-09-01T13:05Z,Belgian GP,Circuit de Spa-Francorchamps,5498,Charles Leclerc,https://a.espncdn.com/i/teamlogos/countries/500/mon.png,Monaco,/f1/race/_/id/23472,True
2019-09-06T08:55Z,2019-09-08T13:05Z,Italian GP,Autodromo Nazionale Monza,5498,Charles Leclerc,https://a.espncdn.com/i/teamlogos/countries/500/mon.png,Monaco,/f1/race/_/id/23473,True
2019-09-20T08:25Z,2019-09-22T12:05Z,Singapore Airlines Singapore G,Marina Bay Street Circuit,864,Sebastian Vettel,https://a.espncdn.com/i/teamlogos/countries/500/ger.png,Germany,/f1/race/_/id/23474,True
2019-09-27T07:55Z,2019-09-29T11:05Z,Russian GP,Sochi Autodrom,868,Lewis Hamilton,https://a.espncdn.com/i/teamlogos/countries/500/gbr.png,Britain,/f1/race/_/id/23475,True
2019-10-11T00:55Z,2019-10-13T05:05Z,Japanese GP,Suzuka International Racing Course,4520,Valtteri Bottas,https://a.espncdn.com/i/teamlogos/countries/500/fin.png,Finland,/f1/race/_/id/23476,True
2019-10-25T14:55Z,2019-10-27T19:05Z,Mexican GP,Autodromo Hermanos Rodriguez,868,Lewis Hamilton,https://a.espncdn.com/i/teamlogos/countries/500/gbr.png,Britain,/f1/race/_/id/23477,True
2019-11-01T15:55Z,2019-11-03T19:05Z,United States GP,Circuit of the Americas,4520,Valtteri Bottas,https://a.espncdn.com/i/teamlogos/countries/500/fin.png,Finland,/f1/race/_/id/23478,True
2019-11-15T13:55Z,2019-11-17T17:05Z,Brazilian GP,Autodromo Jose Carlos Pace,4665,Max Verstappen,https://a.espncdn.com/i/teamlogos/countries/500/ned.png,Netherlands,/f1/race/_/id/23479,True
2019-11-29T08:55Z,2019-12-01T13:05Z,Etihad Airways Abu Dhabi GP,Yas Marina Circuit,868,Lewis Hamilton,https://a.espncdn.com/i/teamlogos/countries/500/gbr.png,Britain,/f1/race/_/id/23480,True
2020-07-03T09:00Z,2020-07-05T13:10Z,Austrian GP,Red Bull Ring,4520,Valtteri Bottas,https://a.espncdn.com/i/teamlogos/countries/500/fin.png,Finland,/f1/race/_/id/28130,True
2020-07-10T09:00Z,2020-07-12T13:10Z,Austrian GP 2,Red Bull Ring,868,Lewis Hamilton,https://a.espncdn.com/i/teamlogos/countries/500/gbr.png,Britain,/f1/race/_/id/401220848,True
2020-07-17T09:00Z,2020-07-19T13:10Z,Hungarian GP,Hungaroring,868,Lewis Hamilton,https://a.espncdn.com/i/teamlogos/countries/500/gbr.png,Britain,/f1/race/_/id/28138,True
2020-07-31T10:00Z,2020-08-02T13:10Z,Rolex British GP,Silverstone Circuit,868,Lewis Hamilton,https://a.espncdn.com/i/teamlogos/countries/500/gbr.png,Britain,/f1/race/_/id/28131,True
2020-08-07T10:00Z,2020-08-09T13:10Z,Rolex British GP 2,Silverstone Circuit,4665,Max Verstappen,https://a.espncdn.com/i/teamlogos/countries/500/ned.png,Netherlands,/f1/race/_/id/401220871,True
2020-08-14T09:00Z,2020-08-16T13:10Z,Spanish GP,Madring,868,Lewis Hamilton,https://a.espncdn.com/i/teamlogos/countries/500/gbr.png,Britain,/f1/race/_/id/28125,True
2020-08-28T09:00Z,2020-08-30T13:10Z,Belgian GP,Circuit de Spa-Francorchamps,868,Lewis Hamilton,https://a.espncdn.com/i/teamlogos/countries/500/gbr.png,Britain,/f1/race/_/id/28139,True
2020-09-04T09:00Z,2020-09-06T13:10Z,Italian GP,Autodromo Nazionale Monza,5501,Pierre Gasly,https://a.espncdn.com/i/teamlogos/countries/500/fra.png,France,/f1/race/_/id/28140,True
2020-09-11T09:00Z,2020-09-13T13:10Z,Tuscan GP,Autodromo Internazionale del Mugello,868,Lewis Hamilton,https://a.espncdn.com/i/teamlogos/countries/500/gbr.png,Britain,/f1/race/_/id/401221426,True
2020-09-25T07:00Z,2020-09-27T10:10Z,Russian GP,Sochi Autodrom,4520,Valtteri Bottas,https://a.espncdn.com/i/teamlogos/countries/500/fin.png,Finland,/f1/race/_/id/28132,True
2020-10-09T09:00Z,2020-10-11T12:10Z,Pries Der Eifel GP,Nürburgring,868,Lewis Hamilton,https://a.espncdn.com/i/teamlogos/countries/500/gbr.png,Britain,/f1/race/_/id/401221786,True
2020-10-23T10:00Z,2020-10-25T13:10Z,Portuguese GP,Autódromo Internacional Do Algarve,868,Lewis Hamilton,https://a.espncdn.com/i/teamlogos/countries/500/gbr.png,Britain,/f1/race/_/id/401221784,True
2020-10-31T09:00Z,2020-11-01T12:10Z,Emilia Romagna GP,Autodromo Enzo e Dino Ferrari,868,Lewis Hamilton,https://a.espncdn.com/i/teamlogos/countries/500/gbr.png,Britain,/f1/race/_/id/401221785,True
2020-11-13T09:00Z,2020-11-15T11:10Z,Turkish GP,Istanbul Racing Circuit,868,Lewis Hamilton,https://a.espncdn.com/i/teamlogos/countries/500/gbr.png,Britain,/f1/race/_/id/401222804,True
2020-11-27T11:00Z,2020-11-29T14:10Z,Bahrain GP,Bahrain International Circuit,868,Lewis Hamilton,https://a.espncdn.com/i/teamlogos/countries/500/gbr.png,Britain,/f1/race/_/id/28121,True
2020-12-04T13:30Z,2020-12-06T17:10Z,Sakhir GP,Bahrain International Circuit Outer Track,4472,Sergio Pérez,https://a.espncdn.com/i/teamlogos/countries/500/mex.png,Mexico,/f1/race/_/id/401222806,True
2020-12-11T09:00Z,2020-12-13T13:10Z,Etihad Airways Abu Dhabi GP,Yas Marina Circuit,4665,Max Verstappen,https://a.espncdn.com/i/teamlogos/countries/500/ned.png,Netherlands,/f1/race/_/id/28137,True
2021-03-26T11:30Z,2021-03-28T14:10Z,Bahrain GP,Bahrain International Circuit,868,Lewis Hamilton,https://a.espncdn.com/i/teamlogos/countries/500/gbr.png,Britain,/f1/race/_/id/600001741,True
2021-04-16T09:00Z,2021-04-18T13:00Z,Emilia Romagna GP,Autodromo Enzo e Dino Ferrari,4665,Max Verstappen,https://a.espncdn.com/i/teamlogos/countries/500/ned.png,Netherlands,/f1/race/_/id/600004580,True
2021-04-30T10:30Z,2021-05-02T14:00Z,Portuguese GP,Autódromo Internacional Do Algarve,868,Lewis Hamilton,https://a.espncdn.com/i/teamlogos/countries/500/gbr.png,Britain,/f1/race/_/id/600004420,True
2021-05-07T09:30Z,2021-05-09T13:10Z,Spanish GP,Madring,868,Lewis Hamilton,https://a.espncdn.com/i/teamlogos/countries/500/gbr.png,Britain,/f1/race/_/id/600001743,True
2021-05-20T09:30Z,2021-05-23T13:00Z,Monaco GP,Circuit de Monaco,4665,Max Verstappen,https://a.espncdn.com/i/teamlogos/countries/500/ned.png,Netherlands,/f1/race/_/id/600001760,True
2021-06-04T08:30Z,2021-06-06T12:00Z,Socar Azerbaijan GP,Baku City Circuit,4472,Sergio Pérez,https://a.espncdn.com/i/teamlogos/countries/500/mex.png,Mexico,/f1/race/_/id/600001761,True
2021-06-18T09:30Z,2021-06-20T13:00Z,French GP,Circuit Paul Ricard,4665,Max Verstappen,https://a.espncdn.com/i/teamlogos/countries/500/ned.png,Netherlands,/f1/race/_/id/600001763,True
2021-06-25T09:30Z,2021-06-27T13:00Z,Austrian GP,Red Bull Ring,4665,Max Verstappen,https://a.espncdn.com/i/teamlogos/countries/500/ned.png,Netherlands,/f1/race/_/id/600006840,True
2021-07-02T09:30Z,2021-07-04T13:00Z,Austrian GP 2,Red Bull Ring,4665,Max Verstappen,https://a.espncdn.com/i/teamlogos/countries/500/ned.png,Netherlands,/f1/race/_/id/600001764,True
2021-07-16T13:30Z,2021-07-18T14:00Z,British GP,Silverstone Circuit,868,Lewis Hamilton,https://a.espncdn.com/i/teamlogos/countries/500/gbr.png,Britain,/f1/race/_/id/600001765,True
2021-07-30T09:30Z,2021-08-01T13:00Z,Hungarian GP,Hungaroring,4678,Esteban Ocon,https://a.espncdn.com/i/teamlogos/countries/500/fra.png,France,/f1/race/_/id/600001766,True
2021-08-27T09:30Z,2021-08-29T13:00Z,Belgian GP,Circuit de Spa-Francorchamps,4665,Max Verstappen,https://a.espncdn.com/i/teamlogos/countries/500/ned.png,Netherlands,/f1/race/_/id/600001767,True
2021-09-03T09:30Z,2021-09-05T12:00Z,Dutch GP,Circuit Park Zandvoort,4665,Max Verstappen,https://a.espncdn.com/i/teamlogos/countries/500/ned.png,Netherlands,/f1/race/_/id/600001768,True
2021-09-10T12:30Z,2021-09-12T13:00Z,Italian GP,Autodromo Nazionale Monza,4510,Daniel Ricciardo,https://a.espncdn.com/i/teamlogos/countries/500/aus.png,Australia,/f1/race/_/id/600001769,True
2021-09-24T08:30Z,2021-09-26T12:00Z,VTB Russian GP,Sochi Autodrom,868,Lewis Hamilton,https://a.espncdn.com/i/teamlogos/countries/500/gbr.png,Britain,/f1/race/_/id/600001770,True
2021-10-08T08:30Z,2021-10-10T12:00Z,Turkish GP,Istanbul Racing Circuit,4520,Valtteri Bottas,https://a.espncdn.com/i/teamlogos/countries/500/fin.png,Finland,/f1/race/_/id/600006200,True
2021-10-22T16:30Z,2021-10-24T19:00Z,United States GP,Circuit of the Americas,4665,Max Verstappen,https://a.espncdn.com/i/teamlogos/countries/500/ned.png,Netherlands,/f1/race/_/id/600001773,True
2021-11-05T17:30Z,2021-11-07T19:00Z,Mexican GP,Autodromo Hermanos Rodriguez,4665,Max Verstappen,https://a.espncdn.com/i/teamlogos/countries/500/ned.png,Netherlands,/f1/race/_/id/600001774,True
2021-11-12T15:30Z,2021-11-14T17:00Z,Brazilian GP,Autodromo Jose Carlos Pace,868,Lewis Hamilton,https://a.espncdn.com/i/teamlogos/countries/500/gbr.png,Britain,/f1/race/_/id/600001775,True
2021-11-19T10:30Z,2021-11-21T14:00Z,Qatar GP,Losail International Circuit,868,Lewis Hamilton,https://a.espncdn.com/i/teamlogos/countries/500/gbr.png,Britain,/f1/race/_/id/600011227,True
2021-12-03T13:30Z,2021-12-05T17:30Z,Saudi Arabian GP,Jeddah Street Circuit,868,Lewis Hamilton,https://a.espncdn.com/i/teamlogos/countries/500/gbr.png,Britain,/f1/race/_/id/600001777,True
2021-12-10T09:30Z,2021-12-12T13:00Z,Etihad Airways Abu Dhabi GP,Yas Marina Circuit,4665,Max Verstappen,https://a.espncdn.com/i/teamlogos/countries/500/ned.png,Netherlands,/f1/race/_/id/600001776,True
2022-03-18T12:00Z,2022-03-20T15:00Z,Gulf Air Bahrain GP,Bahrain International Circuit,5498,Charles Leclerc,https://a.espncdn.com/i/teamlogos/countries/500/mon.png,Monaco,/f1/race/_/id/600014127,True
2022-03-25T14:00Z,2022-03-27T17:00Z,STC Saudi Arabian GP,Jeddah Street Circuit,4665,Max Verstappen,https://a.espncdn.com/i/teamlogos/countries/500/ned.png,Netherlands,/f1/race/_/id/600014128,True
2022-04-08T03:00Z,2022-04-10T05:00Z,Heineken Australian GP,Melbourne Grand Prix Circuit,5498,Charles Leclerc,https://a.espncdn.com/i/teamlogos/countries/500/mon.png,Monaco,/f1/race/_/id/600014129,True
2022-04-22T11:30Z,2022-04-24T13:00Z,Rolex Emilia Romagna GP,Autodromo Enzo e Dino Ferrari,4665,Max Verstappen,https://a.espncdn.com/i/teamlogos/countries/500/ned.png,Netherlands,/f1/race/_/id/600014130,True
2022-05-06T18:30Z,2022-05-08T19:30Z,Crypto.com Miami GP,Miami International Autodrome,4665,Max Verstappen,https://a.espncdn.com/i/teamlogos/countries/500/ned.png,Netherlands,/f1/race/_/id/600014131,True
2022-05-20T12:00Z,2022-05-22T13:00Z,Pirelli Spanish GP,Madring,4665,Max Verstappen,https://a.espncdn.com/i/teamlogos/countries/500/ned.png,Netherlands,/f1/race/_/id/600014132,True
2022-05-27T12:00Z,2022-05-29T14:05Z,Monaco GP,Circuit de Monaco,4472,Sergio Pérez,https://a.espncdn.com/i/teamlogos/countries/500/mex.png,Mexico,/f1/race/_/id/600014133,True
2022-06-10T11:00Z,2022-06-12T11:00Z,Azerbaijan GP,Baku City Circuit,4665,Max Verstappen,https://a.espncdn.com/i/teamlogos/countries/500/ned.png,Netherlands,/f1/race/_/id/600014134,True
2022-06-17T18:00Z,2022-06-19T18:00Z,AWS Canada GP,Circuit Gilles-Villeneuve,4665,Max Verstappen,https://a.espncdn.com/i/teamlogos/countries/500/ned.png,Netherlands,/f1/race/_/id/600014135,True
2022-07-01T12:00Z,2022-07-03T14:00Z,Lenovo British GP,Silverstone Circuit,4686,Carlos Sainz,https://a.espncdn.com/i/teamlogos/countries/500/esp.png,Spain,/f1/race/_/id/600014136,True
2022-07-08T11:30Z,2022-07-10T13:00Z,Rolex Austrian GP,Red Bull Ring,5498,Charles Leclerc,https://a.espncdn.com/i/teamlogos/countries/500/mon.png,Monaco,/f1/race/_/id/600014137,True
2022-07-22T12:00Z,2022-07-24T13:00Z,Lenovo French GP,Circuit Paul Ricard,4665,Max Verstappen,https://a.espncdn.com/i/teamlogos/countries/500/ned.png,Netherlands,/f1/race/_/id/600014138,True
2022-07-29T12:00Z,2022-07-31T13:00Z,Aramco Hungarian GP,Hungaroring,4665,Max Verstappen,https://a.espncdn.com/i/teamlogos/countries/500/ned.png,Netherlands,/f1/race/_/id/600014139,True
2022-08-26T12:00Z,2022-08-28T13:00Z,Rolex Belgian GP,Circuit de Spa-Francorchamps,4665,Max Verstappen,https://a.espncdn.com/i/teamlogos/countries/500/ned.png,Netherlands,/f1/race/_/id/600014140,True
2022-09-02T10:30Z,2022-09-04T13:00Z,Heineken Dutch GP,Circuit Park Zandvoort,4665,Max Verstappen,https://a.espncdn.com/i/teamlogos/countries/500/ned.png,Netherlands,/f1/race/_/id/600014141,True
2022-09-09T12:00Z,2022-09-11T13:00Z,Pirelli Italian GP,Autodromo Nazionale Monza,4665,Max Verstappen,https://a.espncdn.com/i/teamlogos/countries/500/ned.png,Netherlands,/f1/race/_/id/600014142,True
2022-09-23T10:00Z,2022-09-25T11:00Z,VTB Russian GP,Sochi Autodrom,,,,,/f1/race/_/id/600014143,False
2022-09-30T10:00Z,2022-10-02T13:05Z,Singapore Air Singapore GP,Marina Bay Street Circuit,4472,Sergio Pérez,https://a.espncdn.com/i/teamlogos/countries/500/mex.png,Mexico,/f1/race/_/id/600014144,True
2022-10-07T03:00Z,2022-10-09T05:00Z,Honda Japanese GP,Suzuka International Racing Course,4665,Max Verstappen,https://a.espncdn.com/i/teamlogos/countries/500/ned.png,Netherlands,/f1/race/_/id/600014145,True
2022-10-21T19:00Z,2022-10-23T19:00Z,Aramco United States GP,Circuit of the Americas,4665,Max Verstappen,https://a.espncdn.com/i/teamlogos/countries/500/ned.png,Netherlands,/f1/race/_/id/600014146,True
2022-10-28T18:00Z,2022-10-30T20:00Z,Mexico GP,Autodromo Hermanos Rodriguez,4665,Max Verstappen,https://a.espncdn.com/i/teamlogos/countries/500/ned.png,Netherlands,/f1/race/_/id/600014147,True
2022-11-11T15:30Z,2022-11-13T18:00Z,Heineken Brazil GP,Autodromo Jose Carlos Pace,5503,George Russell,https://a.espncdn.com/i/teamlogos/countries/500/gbr.png,Britain,/f1/race/_/id/600014148,True
2022-11-18T10:00Z,2022-11-20T13:00Z,Etihad Airways Abu Dhabi GP,Yas Marina Circuit,4665,Max Verstappen,https://a.espncdn.com/i/teamlogos/countries/500/ned.png,Netherlands,/f1/race/_/id/600014149,True
2023-03-03T11:30Z,2023-03-05T15:00Z,Gulf Air Bahrain GP,Bahrain International Circuit,4665,Max Verstappen,https://a.espncdn.com/i/teamlogos/countries/500/ned.png,Netherlands,/f1/race/_/id/600026747,True
2023-03-17T13:30Z,2023-03-19T17:00Z,STC Saudi Arabian GP,Jeddah Street Circuit,4472,Sergio Pérez,https://a.espncdn.com/i/teamlogos/countries/500/mex.png,Mexico,/f1/race/_/id/600026748,True
2023-03-31T01:30Z,2023-04-02T05:00Z,Rolex Australian GP,Melbourne Grand Prix Circuit,4665,Max Verstappen,https://a.espncdn.com/i/teamlogos/countries/500/ned.png,Netherlands,/f1/race/_/id/600026749,True
2023-04-28T09:30Z,2023-04-30T11:00Z,Azerbaijan GP,Baku City Circuit,4472,Sergio Pérez,https://a.espncdn.com/i/teamlogos/countries/500/mex.png,Mexico,/f1/race/_/id/600026751,True
2023-05-05T18:00Z,2023-05-07T19:30Z,Crypto.com Miami GP,Miami International Autodrome,4665,Max Verstappen,https://a.espncdn.com/i/teamlogos/countries/500/ned.png,Netherlands,/f1/race/_/id/600026752,True
2023-05-19T11:30Z,2023-05-21T13:00Z,Qatar Airways Emilia Romagna GP,Autodromo Enzo e Dino Ferrari,,,,,/f1/race/_/id/600026753,False
2023-05-26T11:30Z,2023-05-28T13:00Z,Monaco GP,Circuit de Monaco,4665,Max Verstappen,https://a.espncdn.com/i/teamlogos/countries/500/ned.png,Netherlands,/f1/race/_/id/600026754,True
2023-06-02T11:30Z,2023-06-04T13:00Z,AWS Spanish GP,Madring,4665,Max Verstappen,https://a.espncdn.com/i/teamlogos/countries/500/ned.png,Netherlands,/f1/race/_/id/600026755,True
2023-06-16T17:30Z,2023-06-18T18:00Z,Pirelli Canadian GP,Circuit Gilles-Villeneuve,4665,Max Verstappen,https://a.espncdn.com/i/teamlogos/countries/500/ned.png,Netherlands,/f1/race/_/id/600026756,True
2023-06-30T11:30Z,2023-07-02T13:00Z,Rolex Austrian GP,Red Bull Ring,4665,Max Verstappen,https://a.espncdn.com/i/teamlogos/countries/500/ned.png,Netherlands,/f1/race/_/id/600026757,True
2023-07-07T11:30Z,2023-07-09T14:00Z,Aramco British GP,Silverstone Circuit,4665,Max Verstappen,https://a.espncdn.com/i/teamlogos/countries/500/ned.png,Netherlands,/f1/race/_/id/600026758,True
2023-07-21T11:30Z,2023-07-23T13:00Z,Qatar Airways Hungarian GP,Hungaroring,4665,Max Verstappen,https://a.espncdn.com/i/teamlogos/countries/500/ned.png,Netherlands,/f1/race/_/id/600026759,True
2023-07-28T11:30Z,2023-07-30T13:00Z,MSC Cruises Belgian GP,Circuit de Spa-Francorchamps,4665,Max Verstappen,https://a.espncdn.com/i/teamlogos/countries/500/ned.png,Netherlands,/f1/race/_/id/600026760,True
2023-08-25T10:30Z,2023-08-27T13:00Z,Heineken Dutch GP,Circuit Park Zandvoort,4665,Max Verstappen,https://a.espncdn.com/i/teamlogos/countries/500/ned.png,Netherlands,/f1/race/_/id/600026761,True
2023-09-01T11:30Z,2023-09-03T13:00Z,Pirelli Italian GP,Autodromo Nazionale Monza,4665,Max Verstappen,https://a.espncdn.com/i/teamlogos/countries/500/ned.png,Netherlands,/f1/race/_/id/600026762,True
2023-09-15T09:30Z,2023-09-17T12:00Z,Singapore Airlines Singapore GP,Marina Bay Street Circuit,4686,Carlos Sainz,https://a.espncdn.com/i/teamlogos/countries/500/esp.png,Spain,/f1/race/_/id/600026763,True
2023-09-22T02:30Z,2023-09-24T05:00Z,Lenovo Japanese GP,Suzuka International Racing Course,4665,Max Verstappen,https://a.espncdn.com/i/teamlogos/countries/500/ned.png,Netherlands,/f1/race/_/id/600026764,True
2023-10-06T13:30Z,2023-10-08T17:00Z,Qatar Airways Qatar GP,Losail International Circuit,4665,Max Verstappen,https://a.espncdn.com/i/teamlogos/countries/500/ned.png,Netherlands,/f1/race/_/id/600026765,True
2023-10-20T17:30Z,2023-10-22T19:00Z,Lenovo United States GP,Circuit of the Americas,4665,Max Verstappen,https://a.espncdn.com/i/teamlogos/countries/500/ned.png,Netherlands,/f1/race/_/id/600026766,True
2023-10-27T18:30Z,2023-10-29T20:00Z,Mexico City GP,Autodromo Hermanos Rodriguez,4665,Max Verstappen,https://a.espncdn.com/i/teamlogos/countries/500/ned.png,Netherlands,/f1/race/_/id/600026787,True
2023-11-03T14:30Z,2023-11-05T17:00Z,Rolex São Paulo GP,Autodromo Jose Carlos Pace,4665,Max Verstappen,https://a.espncdn.com/i/teamlogos/countries/500/ned.png,Netherlands,/f1/race/_/id/600026788,True
2023-11-17T04:30Z,2023-11-19T06:00Z,Heineken Las Vegas GP,Las Vegas Street Circuit,4665,Max Verstappen,https://a.espncdn.com/i/teamlogos/countries/500/ned.png,Netherlands,/f1/race/_/id/600026789,True
2023-11-24T09:30Z,2023-11-26T13:00Z,Etihad Airways Abu Dhabi GP,Yas Marina Circuit,4665,Max Verstappen,https://a.espncdn.com/i/teamlogos/countries/500/ned.png,Netherlands,/f1/race/_/id/600026790,True
2024-02-29T11:30Z,2024-03-02T15:00Z,Gulf Air Bahrain GP,Bahrain International Circuit,4665,Max Verstappen,https://a.espncdn.com/i/teamlogos/countries/500/ned.png,Netherlands,/f1/race/_/id/600041133,True
2024-03-07T13:30Z,2024-03-09T17:00Z,STC Saudi Arabian GP,Jeddah Street Circuit,4665,Max Verstappen,https://a.espncdn.com/i/teamlogos/countries/500/ned.png,Netherlands,/f1/race/_/id/600041134,True
2024-03-22T01:30Z,2024-03-24T04:00Z,Rolex Australian GP,Melbourne Grand Prix Circuit,4686,Carlos Sainz,https://a.espncdn.com/i/teamlogos/countries/500/esp.png,Spain,/f1/race/_/id/600041135,True
2024-04-05T02:30Z,2024-04-07T05:00Z,MSC Cruises Japanese GP,Suzuka International Racing Course,4665,Max Verstappen,https://a.espncdn.com/i/teamlogos/countries/500/ned.png,Netherlands,/f1/race/_/id/600041136,True
2024-04-19T03:30Z,2024-04-21T07:00Z,Lenovo Chinese GP,Shanghai International Circuit,4665,Max Verstappen,https://a.espncdn.com/i/teamlogos/countries/500/ned.png,Netherlands,/f1/race/_/id/600041137,True
2024-05-03T16:30Z,2024-05-05T20:00Z,Crypto.com Miami GP,Miami International Autodrome,5579,Lando Norris,https://a.espncdn.com/i/teamlogos/countries/500/gbr.png,Britain,/f1/race/_/id/600041138,True
2024-05-17T11:30Z,2024-05-19T13:00Z,MSC Cruises Emilia Romagna GP,Autodromo Enzo e Dino Ferrari,4665,Max Verstappen,https://a.espncdn.com/i/teamlogos/countries/500/ned.png,Netherlands,/f1/race/_/id/600041139,True
2024-05-24T11:30Z,2024-05-26T13:00Z,Monaco GP,Circuit de Monaco,5498,Charles Leclerc,https://a.espncdn.com/i/teamlogos/countries/500/mon.png,Monaco,/f1/race/_/id/600041140,True
2024-06-07T17:30Z,2024-06-09T18:00Z,AWS Canadian GP,Circuit Gilles-Villeneuve,4665,Max Verstappen,https://a.espncdn.com/i/teamlogos/countries/500/ned.png,Netherlands,/f1/race/_/id/600041141,True
2024-06-21T11:30Z,2024-06-23T13:00Z,Aramco Spanish GP,Madring,4665,Max Verstappen,https://a.espncdn.com/i/teamlogos/countries/500/ned.png,Netherlands,/f1/race/_/id/600041142,True
2024-06-28T10:30Z,2024-06-30T13:00Z,Qatar Airways Austrian GP,Red Bull Ring,5503,George Russell,https://a.espncdn.com/i/teamlogos/countries/500/gbr.png,Britain,/f1/race/_/id/600041143,True
2024-07-05T11:30Z,2024-07-07T14:00Z,Qatar Airways British GP,Silverstone Circuit,868,Lewis Hamilton,https://a.espncdn.com/i/teamlogos/countries/500/gbr.png,Britain,/f1/race/_/id/600041144,True
2024-07-19T11:30Z,2024-07-21T13:00Z,Hungarian GP,Hungaroring,5752,Oscar Piastri,https://a.espncdn.com/i/teamlogos/countries/500/aus.png,Australia,/f1/race/_/id/600041145,True
2024-07-26T11:30Z,2024-07-28T13:00Z,Rolex Belgian GP,Circuit de Spa-Francorchamps,868,Lewis Hamilton,https://a.espncdn.com/i/teamlogos/countries/500/gbr.png,Britain,/f1/race/_/id/600041146,True
2024-08-23T10:30Z,2024-08-25T13:00Z,Heineken Dutch GP,Circuit Park Zandvoort,5579,Lando Norris,https://a.espncdn.com/i/teamlogos/countries/500/gbr.png,Britain,/f1/race/_/id/600041147,True
2024-08-30T11:30Z,2024-09-01T13:00Z,Pirelli Italian GP,Autodromo Nazionale Monza,5498,Charles Leclerc,https://a.espncdn.com/i/teamlogos/countries/500/mon.png,Monaco,/f1/race/_/id/600041148,True
2024-09-13T09:30Z,2024-09-15T11:00Z,Qatar Airways Azerbaijan GP,Baku City Circuit,5752,Oscar Piastri,https://a.espncdn.com/i/teamlogos/countries/500/aus.png,Australia,/f1/race/_/id/600041149,True
2024-09-20T09:30Z,2024-09-22T12:00Z,Singapore Airlines Singapore GP,Marina Bay Street Circuit,5579,Lando Norris,https://a.espncdn.com/i/teamlogos/countries/500/gbr.png,Britain,/f1/race/_/id/600041150,True
2024-10-18T17:30Z,2024-10-20T19:00Z,Pirelli United States GP,Circuit of the Americas,5498,Charles Leclerc,https://a.espncdn.com/i/teamlogos/countries/500/mon.png,Monaco,/f1/race/_/id/600041151,True
2024-10-25T18:30Z,2024-10-27T20:00Z,Mexico City GP,Autodromo Hermanos Rodriguez,4686,Carlos Sainz,https://a.espncdn.com/i/teamlogos/countries/500/esp.png,Spain,/f1/race/_/id/600041155,True
2024-11-01T14:30Z,2024-11-03T15:30Z,Lenovo São Paulo GP,Autodromo Jose Carlos Pace,4665,Max Verstappen,https://a.espncdn.com/i/teamlogos/countries/500/ned.png,Netherlands,/f1/race/_/id/600041156,True
2024-11-22T02:30Z,2024-11-24T06:00Z,Heineken Las Vegas GP,Las Vegas Street Circuit,5503,George Russell,https://a.espncdn.com/i/teamlogos/countries/500/gbr.png,Britain,/f1/race/_/id/600041157,True
2024-11-29T13:30Z,2024-12-01T16:00Z,Qatar Airways Qatar GP,Losail International Circuit,4665,Max Verstappen,https://a.espncdn.com/i/teamlogos/countries/500/ned.png,Netherlands,/f1/race/_/id/600041152,True
2024-12-06T09:30Z,2024-12-08T13:00Z,Etihad Airways Abu Dhabi GP,Yas Marina Circuit,5579,Lando Norris,https://a.espncdn.com/i/teamlogos/countries/500/gbr.png,Britain,/f1/race/_/id/600041153,True
2025-03-14T01:30Z,2025-03-16T04:00Z,Louis Vuitton Australian GP,Melbourne Grand Prix Circuit,5579,Lando Norris,https://a.espncdn.com/i/teamlogos/countries/500/gbr.png,Britain,/f1/race/_/id/600052045,True
2025-03-21T03:30Z,2025-03-23T07:00Z,Heineken Chinese GP,Shanghai International Circuit,5752,Oscar Piastri,https://a.espncdn.com/i/teamlogos/countries/500/aus.png,Australia,/f1/race/_/id/600052046,True
2025-04-04T02:30Z,2025-04-06T05:00Z,Lenovo Japanese GP,Suzuka International Racing Course,4665,Max Verstappen,https://a.espncdn.com/i/teamlogos/countries/500/ned.png,Netherlands,/f1/race/_/id/600052047,True
2025-04-11T11:30Z,2025-04-13T15:00Z,Gulf Air Bahrain GP,Bahrain International Circuit,5752,Oscar Piastri,https://a.espncdn.com/i/teamlogos/countries/500/aus.png,Australia,/f1/race/_/id/600052048,True
2025-04-18T13:30Z,2025-04-20T17:00Z,STC Saudi Arabian GP,Jeddah Street Circuit,5752,Oscar Piastri,https://a.espncdn.com/i/teamlogos/countries/500/aus.png,Australia,/f1/race/_/id/600052049,True
2025-05-02T16:30Z,2025-05-04T20:00Z,Crypto.com Miami GP,Miami International Autodrome,5752,Oscar Piastri,https://a.espncdn.com/i/teamlogos/countries/500/aus.png,Australia,/f1/race/_/id/600052050,True
2025-05-16T11:30Z,2025-05-18T13:00Z,AWS Made in Italy Emilia Romagna GP,Autodromo Enzo e Dino Ferrari,4665,Max Verstappen,https://a.espncdn.com/i/teamlogos/countries/500/ned.png,Netherlands,/f1/race/_/id/600052051,True
2025-05-23T11:30Z,2025-05-25T13:00Z,Tag Heuer Monaco GP,Circuit de Monaco,5579,Lando Norris,https://a.espncdn.com/i/teamlogos/countries/500/gbr.png,Britain,/f1/race/_/id/600052052,True
2025-05-30T11:30Z,2025-06-01T13:00Z,Aramco Spanish GP,Madring,5752,Oscar Piastri,https://a.espncdn.com/i/teamlogos/countries/500/aus.png,Australia,/f1/race/_/id/600052053,True
2025-06-13T17:30Z,2025-06-15T18:00Z,Pirelli Canadian GP,Circuit Gilles-Villeneuve,5503,George Russell,https://a.espncdn.com/i/teamlogos/countries/500/gbr.png,Britain,/f1/race/_/id/600052054,True
2025-06-27T11:30Z,2025-06-29T13:00Z,MSC Cruises Austrian GP,Red Bull Ring,5579,Lando Norris,https://a.espncdn.com/i/teamlogos/countries/500/gbr.png,Britain,/f1/race/_/id/600052055,True
2025-07-04T11:30Z,2025-07-06T14:00Z,Qatar Airways British GP,Silverstone Circuit,5579,Lando Norris,https://a.espncdn.com/i/teamlogos/countries/500/gbr.png,Britain,/f1/race/_/id/600052056,True
2025-07-25T10:30Z,2025-07-27T13:00Z,Moët & Chandon Belgian GP,Circuit de Spa-Francorchamps,5752,Oscar Piastri,https://a.espncdn.com/i/teamlogos/countries/500/aus.png,Australia,/f1/race/_/id/600052057,True
2025-08-01T11:30Z,2025-08-03T13:00Z,Lenovo Hungarian GP,Hungaroring,5579,Lando Norris,https://a.espncdn.com/i/teamlogos/countries/500/gbr.png,Britain,/f1/race/_/id/600052058,True
2025-08-29T10:30Z,2025-08-31T13:00Z,Heineken Dutch GP,Circuit Park Zandvoort,5752,Oscar Piastri,https://a.espncdn.com/i/teamlogos/countries/500/aus.png,Australia,/f1/race/_/id/600052059,True
2025-09-05T11:30Z,2025-09-07T13:00Z,Pirelli Italian GP,Autodromo Nazionale Monza,4665,Max Verstappen,https://a.espncdn.com/i/teamlogos/countries/500/ned.png,Netherlands,/f1/race/_/id/600052060,True
2025-09-19T08:30Z,2025-09-21T11:00Z,Qatar Airways Azerbaijan GP,Baku City Circuit,4665,Max Verstappen,https://a.espncdn.com/i/teamlogos/countries/500/ned.png,Netherlands,/f1/race/_/id/600052101,True
2025-10-03T09:30Z,2025-10-05T12:00Z,Singapore Airlines Singapore GP,Marina Bay Street Circuit,5503,George Russell,https://a.espncdn.com/i/teamlogos/countries/500/gbr.png,Britain,/f1/race/_/id/600052102,True
2025-10-17T17:30Z,2025-10-19T19:00Z,MSC Cruises United States GP,Circuit of the Americas,4665,Max Verstappen,https://a.espncdn.com/i/teamlogos/countries/500/ned.png,Netherlands,/f1/race/_/id/600052103,True
2025-10-24T18:30Z,2025-10-26T20:00Z,Mexico City GP,Autodromo Hermanos Rodriguez,5579,Lando Norris,https://a.espncdn.com/i/teamlogos/countries/500/gbr.png,Britain,/f1/race/_/id/600052104,True
2025-11-07T14:30Z,2025-11-09T17:00Z,MSC Cruises São Paulo GP,Autodromo Jose Carlos Pace,5579,Lando Norris,https://a.espncdn.com/i/teamlogos/countries/500/gbr.png,Britain,/f1/race/_/id/600052105,True
2025-11-21T00:30Z,2025-11-23T04:00Z,Heineken Las Vegas GP,Las Vegas Street Circuit,4665,Max Verstappen,https://a.espncdn.com/i/teamlogos/countries/500/ned.png,Netherlands,/f1/race/_/id/600052106,True
2025-11-28T13:30Z,2025-11-30T16:00Z,Qatar Airways Qatar GP,Losail International Circuit,4665,Max Verstappen,https://a.espncdn.com/i/teamlogos/countries/500/ned.png,Netherlands,/f1/race/_/id/600052107,True
2025-12-05T09:30Z,2025-12-07T13:00Z,Etihad Airways Abu Dhabi GP,Yas Marina Circuit,4665,Max Verstappen,https://a.espncdn.com/i/teamlogos/countries/500/ned.png,Netherlands,/f1/race/_/id/600052108,True
